Rpred,Rprey,preyper
AmLobster,AmLobster,0.000572832
AmLobster,AmShad,0
AmLobster,AtlCroaker,0.00080324
AmLobster,AtlMackerel,0
AmLobster,AtlScallop,0.000974699
AmLobster,Bacteria,0.244181878
AmLobster,BaleenWhales,0
AmLobster,BlackSeaBass,0.0000558
AmLobster,Bluefish,0
AmLobster,Butterfish,0
AmLobster,Cod,0.000000426
AmLobster,Fourspot,0.000214618
AmLobster,GelZooplankton,0
AmLobster,Goosefish,0.0000019
AmLobster,HMS,0
AmLobster,Illex,0
AmLobster,LgCopepods,0
AmLobster,LittleSkate,0.000981642
AmLobster,Loligo,0
AmLobster,Macrobenthos,0.480652444
AmLobster,Megabenthos,0.075923714
AmLobster,Mesopelagics,0
AmLobster,Micronekton,0
AmLobster,Microzooplankton,0
AmLobster,OceanPout,0.0000306
AmLobster,Odontocetes,0
AmLobster,OtherCephalopods,0
AmLobster,OtherDemersals,0.00000928
AmLobster,OtherPelagics,0
AmLobster,OtherShrimps,0
AmLobster,OtherSkates,0.000636397
AmLobster,Phytoplankton,0
AmLobster,RedHake,0.000459422
AmLobster,Scup,0.000453556
AmLobster,SeaBirds,0
AmLobster,Sharks,0
AmLobster,SilverHake,0.00000362
AmLobster,SmCopepods,0
AmLobster,SmFlatfishes,0.00000322
AmLobster,SmoothDogfish,0.00000588
AmLobster,SmPelagics,0
AmLobster,SouthernDemersals,0.0000463
AmLobster,SpinyDogfish,0.000028
AmLobster,SummerFlounder,0.000001
AmLobster,Weakfish,0.000248909
AmLobster,Windowpane,0.0000796
AmLobster,WinterFlounder,0.000113715
AmLobster,WinterSkate,0.000339898
AmLobster,YTFlounder,0.000145473
AmLobster,Detritus,0.192181862
AmLobster,Discards,0.00085002
AmShad,AmLobster,0
AmShad,AmShad,0
AmShad,AtlCroaker,0
AmShad,AtlMackerel,0
AmShad,AtlScallop,0
AmShad,Bacteria,0
AmShad,BaleenWhales,0
AmShad,BlackSeaBass,0
AmShad,Bluefish,0
AmShad,Butterfish,0
AmShad,Cod,0
AmShad,Fourspot,0
AmShad,GelZooplankton,0.000833924
AmShad,Goosefish,0
AmShad,HMS,0
AmShad,Illex,0
AmShad,LgCopepods,0
AmShad,LittleSkate,0
AmShad,Loligo,0
AmShad,Macrobenthos,0.305942442
AmShad,Megabenthos,0.005117523
AmShad,Mesopelagics,0
AmShad,Micronekton,0.648888438
AmShad,Microzooplankton,0
AmShad,OceanPout,0
AmShad,Odontocetes,0
AmShad,OtherCephalopods,0.000937437
AmShad,OtherDemersals,0
AmShad,OtherPelagics,0
AmShad,OtherShrimps,0.013881281
AmShad,OtherSkates,0
AmShad,Phytoplankton,0
AmShad,RedHake,0
AmShad,Scup,0
AmShad,SeaBirds,0
AmShad,Sharks,0
AmShad,SilverHake,0.007767004
AmShad,SmCopepods,0
AmShad,SmFlatfishes,0
AmShad,SmoothDogfish,0
AmShad,SmPelagics,0.01663195
AmShad,SouthernDemersals,0
AmShad,SpinyDogfish,0
AmShad,SummerFlounder,0
AmShad,Weakfish,0
AmShad,Windowpane,0
AmShad,WinterFlounder,0
AmShad,WinterSkate,0
AmShad,YTFlounder,0
AmShad,Detritus,0
AmShad,Discards,0
AtlCroaker,AmLobster,0.002030097
AtlCroaker,AmShad,0
AtlCroaker,AtlCroaker,0
AtlCroaker,AtlMackerel,0
AtlCroaker,AtlScallop,0
AtlCroaker,Bacteria,0
AtlCroaker,BaleenWhales,0
AtlCroaker,BlackSeaBass,0
AtlCroaker,Bluefish,0
AtlCroaker,Butterfish,0.000920311
AtlCroaker,Cod,0
AtlCroaker,Fourspot,0
AtlCroaker,GelZooplankton,0.000778204
AtlCroaker,Goosefish,0
AtlCroaker,HMS,0
AtlCroaker,Illex,0
AtlCroaker,LgCopepods,0
AtlCroaker,LittleSkate,0
AtlCroaker,Loligo,0.019796526
AtlCroaker,Macrobenthos,0.700429943
AtlCroaker,Megabenthos,0.094072778
AtlCroaker,Mesopelagics,0
AtlCroaker,Micronekton,0.019171293
AtlCroaker,Microzooplankton,0
AtlCroaker,OceanPout,0
AtlCroaker,Odontocetes,0
AtlCroaker,OtherCephalopods,0.009880423
AtlCroaker,OtherDemersals,0.010894856
AtlCroaker,OtherPelagics,0
AtlCroaker,OtherShrimps,0.011083052
AtlCroaker,OtherSkates,0
AtlCroaker,Phytoplankton,0
AtlCroaker,RedHake,0
AtlCroaker,Scup,0
AtlCroaker,SeaBirds,0
AtlCroaker,Sharks,0
AtlCroaker,SilverHake,0
AtlCroaker,SmCopepods,0
AtlCroaker,SmFlatfishes,0.000676699
AtlCroaker,SmoothDogfish,0
AtlCroaker,SmPelagics,0.130265817
AtlCroaker,SouthernDemersals,0
AtlCroaker,SpinyDogfish,0
AtlCroaker,SummerFlounder,0
AtlCroaker,Weakfish,0
AtlCroaker,Windowpane,0
AtlCroaker,WinterFlounder,0
AtlCroaker,WinterSkate,0
AtlCroaker,YTFlounder,0
AtlCroaker,Detritus,0
AtlCroaker,Discards,0
AtlMackerel,AmLobster,0
AtlMackerel,AmShad,0
AtlMackerel,AtlCroaker,0
AtlMackerel,AtlMackerel,0
AtlMackerel,AtlScallop,0
AtlMackerel,Bacteria,0
AtlMackerel,BaleenWhales,0
AtlMackerel,BlackSeaBass,0
AtlMackerel,Bluefish,0
AtlMackerel,Butterfish,0.000101011
AtlMackerel,Cod,0
AtlMackerel,Fourspot,0
AtlMackerel,GelZooplankton,0.015462706
AtlMackerel,Goosefish,0
AtlMackerel,HMS,0
AtlMackerel,Illex,0.002222251
AtlMackerel,LgCopepods,0
AtlMackerel,LittleSkate,0
AtlMackerel,Loligo,0.05694014
AtlMackerel,Macrobenthos,0.312749533
AtlMackerel,Megabenthos,0.001700359
AtlMackerel,Mesopelagics,0.002693638
AtlMackerel,Micronekton,0.36136073
AtlMackerel,Microzooplankton,0
AtlMackerel,OceanPout,0
AtlMackerel,Odontocetes,0
AtlMackerel,OtherCephalopods,0.028842129
AtlMackerel,OtherDemersals,0.006986624
AtlMackerel,OtherPelagics,0
AtlMackerel,OtherShrimps,0.022490867
AtlMackerel,OtherSkates,0
AtlMackerel,Phytoplankton,0
AtlMackerel,RedHake,0
AtlMackerel,Scup,0
AtlMackerel,SeaBirds,0
AtlMackerel,Sharks,0
AtlMackerel,SilverHake,0
AtlMackerel,SmCopepods,0
AtlMackerel,SmFlatfishes,0.000235693
AtlMackerel,SmoothDogfish,0
AtlMackerel,SmPelagics,0.188214318
AtlMackerel,SouthernDemersals,0
AtlMackerel,SpinyDogfish,0
AtlMackerel,SummerFlounder,0
AtlMackerel,Weakfish,0
AtlMackerel,Windowpane,0
AtlMackerel,WinterFlounder,0
AtlMackerel,WinterSkate,0
AtlMackerel,YTFlounder,0
AtlMackerel,Detritus,0
AtlMackerel,Discards,0
AtlScallop,AmLobster,0
AtlScallop,AmShad,0
AtlScallop,AtlCroaker,0
AtlScallop,AtlMackerel,0
AtlScallop,AtlScallop,0
AtlScallop,Bacteria,0.08
AtlScallop,BaleenWhales,0
AtlScallop,BlackSeaBass,0
AtlScallop,Bluefish,0
AtlScallop,Butterfish,0
AtlScallop,Cod,0
AtlScallop,Fourspot,0
AtlScallop,GelZooplankton,0
AtlScallop,Goosefish,0
AtlScallop,HMS,0
AtlScallop,Illex,0
AtlScallop,LgCopepods,0
AtlScallop,LittleSkate,0
AtlScallop,Loligo,0
AtlScallop,Macrobenthos,0
AtlScallop,Megabenthos,0
AtlScallop,Mesopelagics,0
AtlScallop,Micronekton,0
AtlScallop,Microzooplankton,0
AtlScallop,OceanPout,0
AtlScallop,Odontocetes,0
AtlScallop,OtherCephalopods,0
AtlScallop,OtherDemersals,0
AtlScallop,OtherPelagics,0
AtlScallop,OtherShrimps,0
AtlScallop,OtherSkates,0
AtlScallop,Phytoplankton,0.69
AtlScallop,RedHake,0
AtlScallop,Scup,0
AtlScallop,SeaBirds,0
AtlScallop,Sharks,0
AtlScallop,SilverHake,0
AtlScallop,SmCopepods,0
AtlScallop,SmFlatfishes,0
AtlScallop,SmoothDogfish,0
AtlScallop,SmPelagics,0
AtlScallop,SouthernDemersals,0
AtlScallop,SpinyDogfish,0
AtlScallop,SummerFlounder,0
AtlScallop,Weakfish,0
AtlScallop,Windowpane,0
AtlScallop,WinterFlounder,0
AtlScallop,WinterSkate,0
AtlScallop,YTFlounder,0
AtlScallop,Detritus,0.23
AtlScallop,Discards,0
Bacteria,AmLobster,0
Bacteria,AmShad,0
Bacteria,AtlCroaker,0
Bacteria,AtlMackerel,0
Bacteria,AtlScallop,0
Bacteria,Bacteria,0
Bacteria,BaleenWhales,0
Bacteria,BlackSeaBass,0
Bacteria,Bluefish,0
Bacteria,Butterfish,0
Bacteria,Cod,0
Bacteria,Fourspot,0
Bacteria,GelZooplankton,0
Bacteria,Goosefish,0
Bacteria,HMS,0
Bacteria,Illex,0
Bacteria,LgCopepods,0
Bacteria,LittleSkate,0
Bacteria,Loligo,0
Bacteria,Macrobenthos,0
Bacteria,Megabenthos,0
Bacteria,Mesopelagics,0
Bacteria,Micronekton,0
Bacteria,Microzooplankton,0
Bacteria,OceanPout,0
Bacteria,Odontocetes,0
Bacteria,OtherCephalopods,0
Bacteria,OtherDemersals,0
Bacteria,OtherPelagics,0
Bacteria,OtherShrimps,0
Bacteria,OtherSkates,0
Bacteria,Phytoplankton,0.15
Bacteria,RedHake,0
Bacteria,Scup,0
Bacteria,SeaBirds,0
Bacteria,Sharks,0
Bacteria,SilverHake,0
Bacteria,SmCopepods,0
Bacteria,SmFlatfishes,0
Bacteria,SmoothDogfish,0
Bacteria,SmPelagics,0
Bacteria,SouthernDemersals,0
Bacteria,SpinyDogfish,0
Bacteria,SummerFlounder,0
Bacteria,Weakfish,0
Bacteria,Windowpane,0
Bacteria,WinterFlounder,0
Bacteria,WinterSkate,0
Bacteria,YTFlounder,0
Bacteria,Detritus,0.85
Bacteria,Discards,0
BaleenWhales,AmLobster,0
BaleenWhales,AmShad,0.001359843
BaleenWhales,AtlCroaker,0.005138056
BaleenWhales,AtlMackerel,0.0015891
BaleenWhales,AtlScallop,0
BaleenWhales,Bacteria,0
BaleenWhales,BaleenWhales,0
BaleenWhales,BlackSeaBass,0.000332531
BaleenWhales,Bluefish,0
BaleenWhales,Butterfish,0.165865473
BaleenWhales,Cod,0.000561856
BaleenWhales,Fourspot,0.001372837
BaleenWhales,GelZooplankton,0
BaleenWhales,Goosefish,0.002507368
BaleenWhales,HMS,0
BaleenWhales,Illex,0.004671428
BaleenWhales,LgCopepods,0.167541808
BaleenWhales,LittleSkate,0.005849105
BaleenWhales,Loligo,0.029536435
BaleenWhales,Macrobenthos,0
BaleenWhales,Megabenthos,0
BaleenWhales,Mesopelagics,0
BaleenWhales,Micronekton,0.546926676
BaleenWhales,Microzooplankton,0
BaleenWhales,OceanPout,0.000195921
BaleenWhales,Odontocetes,0
BaleenWhales,OtherCephalopods,0.00000138
BaleenWhales,OtherDemersals,0.0000593
BaleenWhales,OtherPelagics,0
BaleenWhales,OtherShrimps,0
BaleenWhales,OtherSkates,0.003791968
BaleenWhales,Phytoplankton,0
BaleenWhales,RedHake,0.002938764
BaleenWhales,Scup,0.002901243
BaleenWhales,SeaBirds,0
BaleenWhales,Sharks,0
BaleenWhales,SilverHake,0.004778526
BaleenWhales,SmCopepods,0
BaleenWhales,SmFlatfishes,0.0000206
BaleenWhales,SmoothDogfish,0.007756599
BaleenWhales,SmPelagics,0
BaleenWhales,SouthernDemersals,0.000296484
BaleenWhales,SpinyDogfish,0.036898572
BaleenWhales,SummerFlounder,0.001323534
BaleenWhales,Weakfish,0.001592186
BaleenWhales,Windowpane,0.000509184
BaleenWhales,WinterFlounder,0.000727397
BaleenWhales,WinterSkate,0.00202528
BaleenWhales,YTFlounder,0.000930543
BaleenWhales,Detritus,0
BaleenWhales,Discards,0
BlackSeaBass,AmLobster,0.002918151
BlackSeaBass,AmShad,0
BlackSeaBass,AtlCroaker,0
BlackSeaBass,AtlMackerel,0
BlackSeaBass,AtlScallop,0
BlackSeaBass,Bacteria,0
BlackSeaBass,BaleenWhales,0
BlackSeaBass,BlackSeaBass,0.002610977
BlackSeaBass,Bluefish,0
BlackSeaBass,Butterfish,0.025583734
BlackSeaBass,Cod,0
BlackSeaBass,Fourspot,0
BlackSeaBass,GelZooplankton,0.002067145
BlackSeaBass,Goosefish,0
BlackSeaBass,HMS,0
BlackSeaBass,Illex,0.003378911
BlackSeaBass,LgCopepods,0
BlackSeaBass,LittleSkate,0
BlackSeaBass,Loligo,0.046959536
BlackSeaBass,Macrobenthos,0.259666307
BlackSeaBass,Megabenthos,0.513645541
BlackSeaBass,Mesopelagics,0.003755059
BlackSeaBass,Micronekton,0.018756519
BlackSeaBass,Microzooplankton,0
BlackSeaBass,OceanPout,0
BlackSeaBass,Odontocetes,0
BlackSeaBass,OtherCephalopods,0.014817364
BlackSeaBass,OtherDemersals,0.064344125
BlackSeaBass,OtherPelagics,0
BlackSeaBass,OtherShrimps,0.012247407
BlackSeaBass,OtherSkates,0
BlackSeaBass,Phytoplankton,0
BlackSeaBass,RedHake,0.000691141
BlackSeaBass,Scup,0
BlackSeaBass,SeaBirds,0
BlackSeaBass,Sharks,0
BlackSeaBass,SilverHake,0.000268777
BlackSeaBass,SmCopepods,0
BlackSeaBass,SmFlatfishes,0.000322532
BlackSeaBass,SmoothDogfish,0
BlackSeaBass,SmPelagics,0.027284988
BlackSeaBass,SouthernDemersals,0
BlackSeaBass,SpinyDogfish,0
BlackSeaBass,SummerFlounder,0
BlackSeaBass,Weakfish,0
BlackSeaBass,Windowpane,0.000681786
BlackSeaBass,WinterFlounder,0
BlackSeaBass,WinterSkate,0
BlackSeaBass,YTFlounder,0
BlackSeaBass,Detritus,0
BlackSeaBass,Discards,0
Bluefish,AmLobster,0
Bluefish,AmShad,0
Bluefish,AtlCroaker,0
Bluefish,AtlMackerel,0.017567393
Bluefish,AtlScallop,0
Bluefish,Bacteria,0
Bluefish,BaleenWhales,0
Bluefish,BlackSeaBass,0.000697284
Bluefish,Bluefish,0
Bluefish,Butterfish,0.129992492
Bluefish,Cod,0
Bluefish,Fourspot,0
Bluefish,GelZooplankton,0.007503396
Bluefish,Goosefish,0
Bluefish,HMS,0
Bluefish,Illex,0.016459699
Bluefish,LgCopepods,0
Bluefish,LittleSkate,0.00433509
Bluefish,Loligo,0.15210055
Bluefish,Macrobenthos,0.005177135
Bluefish,Megabenthos,0.006360708
Bluefish,Mesopelagics,0.001562405
Bluefish,Micronekton,0.003985655
Bluefish,Microzooplankton,0
Bluefish,OceanPout,0.033937558
Bluefish,Odontocetes,0
Bluefish,OtherCephalopods,0.052288578
Bluefish,OtherDemersals,0.07627344
Bluefish,OtherPelagics,0.076001543
Bluefish,OtherShrimps,0.000611041
Bluefish,OtherSkates,0.000114685
Bluefish,Phytoplankton,0
Bluefish,RedHake,0.009553991
Bluefish,Scup,0
Bluefish,SeaBirds,0
Bluefish,Sharks,0
Bluefish,SilverHake,0.013303366
Bluefish,SmCopepods,0
Bluefish,SmFlatfishes,0.001651463
Bluefish,SmoothDogfish,0
Bluefish,SmPelagics,0.344108264
Bluefish,SouthernDemersals,0.01937099
Bluefish,SpinyDogfish,0.002626858
Bluefish,SummerFlounder,0.0060783
Bluefish,Weakfish,0
Bluefish,Windowpane,0.01489757
Bluefish,WinterFlounder,0.002293698
Bluefish,WinterSkate,0
Bluefish,YTFlounder,0.001146849
Bluefish,Detritus,0
Bluefish,Discards,0
Butterfish,AmLobster,0
Butterfish,AmShad,0
Butterfish,AtlCroaker,0
Butterfish,AtlMackerel,0
Butterfish,AtlScallop,0
Butterfish,Bacteria,0
Butterfish,BaleenWhales,0
Butterfish,BlackSeaBass,0
Butterfish,Bluefish,0
Butterfish,Butterfish,0
Butterfish,Cod,0
Butterfish,Fourspot,0
Butterfish,GelZooplankton,0.356290962
Butterfish,Goosefish,0
Butterfish,HMS,0
Butterfish,Illex,0.004016161
Butterfish,LgCopepods,0
Butterfish,LittleSkate,0
Butterfish,Loligo,0.017656503
Butterfish,Macrobenthos,0.416536367
Butterfish,Megabenthos,0.004379112
Butterfish,Mesopelagics,0
Butterfish,Micronekton,0.168510218
Butterfish,Microzooplankton,0
Butterfish,OceanPout,0
Butterfish,Odontocetes,0
Butterfish,OtherCephalopods,0.00836674
Butterfish,OtherDemersals,0
Butterfish,OtherPelagics,0
Butterfish,OtherShrimps,0.005560758
Butterfish,OtherSkates,0
Butterfish,Phytoplankton,0.01868318
Butterfish,RedHake,0
Butterfish,Scup,0
Butterfish,SeaBirds,0
Butterfish,Sharks,0
Butterfish,SilverHake,0
Butterfish,SmCopepods,0
Butterfish,SmFlatfishes,0
Butterfish,SmoothDogfish,0
Butterfish,SmPelagics,0
Butterfish,SouthernDemersals,0
Butterfish,SpinyDogfish,0
Butterfish,SummerFlounder,0
Butterfish,Weakfish,0
Butterfish,Windowpane,0
Butterfish,WinterFlounder,0
Butterfish,WinterSkate,0
Butterfish,YTFlounder,0
Butterfish,Detritus,0
Butterfish,Discards,0
Cod,AmLobster,0.002010499
Cod,AmShad,0
Cod,AtlCroaker,0
Cod,AtlMackerel,0.031178583
Cod,AtlScallop,0
Cod,Bacteria,0
Cod,BaleenWhales,0
Cod,BlackSeaBass,0.000211261
Cod,Bluefish,0
Cod,Butterfish,0
Cod,Cod,0.003697065
Cod,Fourspot,0.002112609
Cod,GelZooplankton,0.000157133
Cod,Goosefish,0.002957652
Cod,HMS,0
Cod,Illex,0
Cod,LgCopepods,0
Cod,LittleSkate,0.011636953
Cod,Loligo,0
Cod,Macrobenthos,0.127799431
Cod,Megabenthos,0.207542903
Cod,Mesopelagics,0
Cod,Micronekton,0.013197915
Cod,Microzooplankton,0
Cod,OceanPout,0.034818736
Cod,Odontocetes,0
Cod,OtherCephalopods,0.004296182
Cod,OtherDemersals,0.06552512
Cod,OtherPelagics,0.020527515
Cod,OtherShrimps,0.054710308
Cod,OtherSkates,0.007355399
Cod,Phytoplankton,0
Cod,RedHake,0.034974237
Cod,Scup,0
Cod,SeaBirds,0
Cod,Sharks,0
Cod,SilverHake,0.019646749
Cod,SmCopepods,0
Cod,SmFlatfishes,0.00860712
Cod,SmoothDogfish,0
Cod,SmPelagics,0.291453544
Cod,SouthernDemersals,0
Cod,SpinyDogfish,0.024343494
Cod,SummerFlounder,0
Cod,Weakfish,0
Cod,Windowpane,0.013233605
Cod,WinterFlounder,0.018005988
Cod,WinterSkate,0
Cod,YTFlounder,0
Cod,Detritus,0
Cod,Discards,0
Fourspot,AmLobster,0.0000121
Fourspot,AmShad,0
Fourspot,AtlCroaker,0
Fourspot,AtlMackerel,0
Fourspot,AtlScallop,0
Fourspot,Bacteria,0
Fourspot,BaleenWhales,0
Fourspot,BlackSeaBass,0.00264229
Fourspot,Bluefish,0
Fourspot,Butterfish,0.016795922
Fourspot,Cod,0.000408875
Fourspot,Fourspot,0.000212598
Fourspot,GelZooplankton,0.0000317
Fourspot,Goosefish,0.000674914
Fourspot,HMS,0
Fourspot,Illex,0.031455249
Fourspot,LgCopepods,0
Fourspot,LittleSkate,0.006769392
Fourspot,Loligo,0.326192857
Fourspot,Macrobenthos,0.025028268
Fourspot,Megabenthos,0.117247441
Fourspot,Mesopelagics,0.001714283
Fourspot,Micronekton,0.05231305
Fourspot,Microzooplankton,0
Fourspot,OceanPout,0.000283464
Fourspot,Odontocetes,0
Fourspot,OtherCephalopods,0.215565268
Fourspot,OtherDemersals,0.034592141
Fourspot,OtherPelagics,0
Fourspot,OtherShrimps,0.09408697
Fourspot,OtherSkates,0.003064112
Fourspot,Phytoplankton,0
Fourspot,RedHake,0.001744654
Fourspot,Scup,0
Fourspot,SeaBirds,0
Fourspot,Sharks,0.000114735
Fourspot,SilverHake,0.04234971
Fourspot,SmCopepods,0
Fourspot,SmFlatfishes,0.010191895
Fourspot,SmoothDogfish,0
Fourspot,SmPelagics,0.016506629
Fourspot,SouthernDemersals,0
Fourspot,SpinyDogfish,0
Fourspot,SummerFlounder,0
Fourspot,Weakfish,0
Fourspot,Windowpane,0
Fourspot,WinterFlounder,0
Fourspot,WinterSkate,0
Fourspot,YTFlounder,0.00000141
Fourspot,Detritus,0
Fourspot,Discards,0
GelZooplankton,AmLobster,0
GelZooplankton,AmShad,0.00012025
GelZooplankton,AtlCroaker,0
GelZooplankton,AtlMackerel,0.000140523
GelZooplankton,AtlScallop,0
GelZooplankton,Bacteria,0.020327222
GelZooplankton,BaleenWhales,0
GelZooplankton,BlackSeaBass,0
GelZooplankton,Bluefish,0
GelZooplankton,Butterfish,0.014667362
GelZooplankton,Cod,0
GelZooplankton,Fourspot,0
GelZooplankton,GelZooplankton,0.022359877
GelZooplankton,Goosefish,0
GelZooplankton,HMS,0
GelZooplankton,Illex,0.000166184
GelZooplankton,LgCopepods,0.40654444
GelZooplankton,LittleSkate,0
GelZooplankton,Loligo,0.001050747
GelZooplankton,Macrobenthos,0
GelZooplankton,Megabenthos,0
GelZooplankton,Mesopelagics,0.00100781
GelZooplankton,Micronekton,0.010163606
GelZooplankton,Microzooplankton,0.05081806
GelZooplankton,OceanPout,0
GelZooplankton,Odontocetes,0
GelZooplankton,OtherCephalopods,4.91E-08
GelZooplankton,OtherDemersals,0
GelZooplankton,OtherPelagics,0
GelZooplankton,OtherShrimps,0
GelZooplankton,OtherSkates,0
GelZooplankton,Phytoplankton,0.086390681
GelZooplankton,RedHake,0
GelZooplankton,Scup,0
GelZooplankton,SeaBirds,0
GelZooplankton,Sharks,0
GelZooplankton,SilverHake,0
GelZooplankton,SmCopepods,0.376053662
GelZooplankton,SmFlatfishes,0
GelZooplankton,SmoothDogfish,0
GelZooplankton,SmPelagics,0.0000259
GelZooplankton,SouthernDemersals,0
GelZooplankton,SpinyDogfish,0
GelZooplankton,SummerFlounder,0
GelZooplankton,Weakfish,0
GelZooplankton,Windowpane,0
GelZooplankton,WinterFlounder,0
GelZooplankton,WinterSkate,0
GelZooplankton,YTFlounder,0
GelZooplankton,Detritus,0.010163606
GelZooplankton,Discards,0
Goosefish,AmLobster,0.0000531
Goosefish,AmShad,0
Goosefish,AtlCroaker,0
Goosefish,AtlMackerel,0.056202298
Goosefish,AtlScallop,0
Goosefish,Bacteria,0
Goosefish,BaleenWhales,0
Goosefish,BlackSeaBass,0.003849485
Goosefish,Bluefish,0
Goosefish,Butterfish,0.037044006
Goosefish,Cod,0.000759118
Goosefish,Fourspot,0.007371791
Goosefish,GelZooplankton,0.000193575
Goosefish,Goosefish,0.026913908
Goosefish,HMS,0
Goosefish,Illex,0.051586094
Goosefish,LgCopepods,0
Goosefish,LittleSkate,0.038752955
Goosefish,Loligo,0.072659886
Goosefish,Macrobenthos,0.001611665
Goosefish,Megabenthos,0.002078126
Goosefish,Mesopelagics,0.000918843
Goosefish,Micronekton,0.000631638
Goosefish,Microzooplankton,0
Goosefish,OceanPout,0.006479069
Goosefish,Odontocetes,0
Goosefish,OtherCephalopods,0.045829879
Goosefish,OtherDemersals,0.218783592
Goosefish,OtherPelagics,0.059066942
Goosefish,OtherShrimps,0.001827318
Goosefish,OtherSkates,0.066956924
Goosefish,Phytoplankton,0
Goosefish,RedHake,0.028063485
Goosefish,Scup,0
Goosefish,SeaBirds,0
Goosefish,Sharks,0
Goosefish,SilverHake,0.075204848
Goosefish,SmCopepods,0
Goosefish,SmFlatfishes,0.013504532
Goosefish,SmoothDogfish,0
Goosefish,SmPelagics,0.127632536
Goosefish,SouthernDemersals,0.016437733
Goosefish,SpinyDogfish,0.005106315
Goosefish,SummerFlounder,0.025316573
Goosefish,Weakfish,0
Goosefish,Windowpane,0.003877235
Goosefish,WinterFlounder,0.000731789
Goosefish,WinterSkate,0
Goosefish,YTFlounder,0.004554706
Goosefish,Detritus,0
Goosefish,Discards,0
HMS,AmLobster,0
HMS,AmShad,0.001601262
HMS,AtlCroaker,0.018189153
HMS,AtlMackerel,0.001871221
HMS,AtlScallop,0
HMS,Bacteria,0
HMS,BaleenWhales,0
HMS,BlackSeaBass,0.00381278
HMS,Bluefish,0.070201053
HMS,Butterfish,0.195312359
HMS,Cod,0.001263521
HMS,Fourspot,0.074859697
HMS,GelZooplankton,0.001849085
HMS,Goosefish,0.075634472
HMS,HMS,0
HMS,Illex,0.005738941
HMS,LgCopepods,0
HMS,LittleSkate,0.06704994
HMS,Loligo,0.036286085
HMS,Macrobenthos,0
HMS,Megabenthos,0
HMS,Mesopelagics,0.0000961
HMS,Micronekton,0.003133626
HMS,Microzooplankton,0
HMS,OceanPout,0.000694242
HMS,Odontocetes,0
HMS,OtherCephalopods,0.00000169
HMS,OtherDemersals,0.000209939
HMS,OtherPelagics,0.00000164
HMS,OtherShrimps,0
HMS,OtherSkates,0.043467911
HMS,Phytoplankton,0
HMS,RedHake,0.01040253
HMS,Scup,0.010269235
HMS,SeaBirds,0
HMS,Sharks,0
HMS,SilverHake,0.080735766
HMS,SmCopepods,0
HMS,SmFlatfishes,0.0000728
HMS,SmoothDogfish,0.017428264
HMS,SmPelagics,0.08636099
HMS,SouthernDemersals,0.001049695
HMS,SpinyDogfish,0.082909216
HMS,SummerFlounder,0.072974135
HMS,Weakfish,0.005637249
HMS,Windowpane,0.001802254
HMS,WinterFlounder,0.002574251
HMS,WinterSkate,0.023215469
HMS,YTFlounder,0.003293486
HMS,Detritus,0
HMS,Discards,0
Illex,AmLobster,0
Illex,AmShad,0.000130785
Illex,AtlCroaker,0
Illex,AtlMackerel,0.000152834
Illex,AtlScallop,0
Illex,Bacteria,0
Illex,BaleenWhales,0
Illex,BlackSeaBass,0
Illex,Bluefish,0
Illex,Butterfish,0.015952398
Illex,Cod,0
Illex,Fourspot,0
Illex,GelZooplankton,0.034791475
Illex,Goosefish,0
Illex,HMS,0
Illex,Illex,0.00456706
Illex,LgCopepods,0.255137514
Illex,LittleSkate,0
Illex,Loligo,0.028876533
Illex,Macrobenthos,0.104374444
Illex,Megabenthos,0
Illex,Mesopelagics,0.011294008
Illex,Micronekton,0.521872219
Illex,Microzooplankton,0
Illex,OceanPout,0
Illex,Odontocetes,0
Illex,OtherCephalopods,0.00000135
Illex,OtherDemersals,0
Illex,OtherPelagics,0
Illex,OtherShrimps,0.022588016
Illex,OtherSkates,0
Illex,Phytoplankton,0
Illex,RedHake,0
Illex,Scup,0
Illex,SeaBirds,0
Illex,Sharks,0
Illex,SilverHake,0
Illex,SmCopepods,0
Illex,SmFlatfishes,0
Illex,SmoothDogfish,0
Illex,SmPelagics,0.000261365
Illex,SouthernDemersals,0
Illex,SpinyDogfish,0
Illex,SummerFlounder,0
Illex,Weakfish,0
Illex,Windowpane,0
Illex,WinterFlounder,0
Illex,WinterSkate,0
Illex,YTFlounder,0
Illex,Detritus,0
Illex,Discards,0
LgCopepods,AmLobster,0
LgCopepods,AmShad,0
LgCopepods,AtlCroaker,0
LgCopepods,AtlMackerel,0
LgCopepods,AtlScallop,0
LgCopepods,Bacteria,0
LgCopepods,BaleenWhales,0
LgCopepods,BlackSeaBass,0
LgCopepods,Bluefish,0
LgCopepods,Butterfish,0
LgCopepods,Cod,0
LgCopepods,Fourspot,0
LgCopepods,GelZooplankton,0.012446442
LgCopepods,Goosefish,0
LgCopepods,HMS,0
LgCopepods,Illex,0
LgCopepods,LgCopepods,0.139170928
LgCopepods,LittleSkate,0
LgCopepods,Loligo,0
LgCopepods,Macrobenthos,0.001209831
LgCopepods,Megabenthos,0
LgCopepods,Mesopelagics,0
LgCopepods,Micronekton,0
LgCopepods,Microzooplankton,0.067558673
LgCopepods,OceanPout,0
LgCopepods,Odontocetes,0
LgCopepods,OtherCephalopods,0
LgCopepods,OtherDemersals,0
LgCopepods,OtherPelagics,0
LgCopepods,OtherShrimps,0
LgCopepods,OtherSkates,0
LgCopepods,Phytoplankton,0.621539824
LgCopepods,RedHake,0
LgCopepods,Scup,0
LgCopepods,SeaBirds,0
LgCopepods,Sharks,0
LgCopepods,SilverHake,0
LgCopepods,SmCopepods,0.131050826
LgCopepods,SmFlatfishes,0
LgCopepods,SmoothDogfish,0
LgCopepods,SmPelagics,0
LgCopepods,SouthernDemersals,0
LgCopepods,SpinyDogfish,0
LgCopepods,SummerFlounder,0
LgCopepods,Weakfish,0
LgCopepods,Windowpane,0
LgCopepods,WinterFlounder,0
LgCopepods,WinterSkate,0
LgCopepods,YTFlounder,0
LgCopepods,Detritus,0.027023475
LgCopepods,Discards,0
LittleSkate,AmLobster,0.000416604
LittleSkate,AmShad,0
LittleSkate,AtlCroaker,0
LittleSkate,AtlMackerel,0
LittleSkate,AtlScallop,0
LittleSkate,Bacteria,0
LittleSkate,BaleenWhales,0
LittleSkate,BlackSeaBass,0.001405436
LittleSkate,Bluefish,0
LittleSkate,Butterfish,0.000781054
LittleSkate,Cod,0
LittleSkate,Fourspot,0.0000123
LittleSkate,GelZooplankton,0.0000976
LittleSkate,Goosefish,0.000112896
LittleSkate,HMS,0
LittleSkate,Illex,0.000184319
LittleSkate,LgCopepods,0
LittleSkate,LittleSkate,0.000184319
LittleSkate,Loligo,0.007791082
LittleSkate,Macrobenthos,0.487669338
LittleSkate,Megabenthos,0.281951418
LittleSkate,Mesopelagics,0
LittleSkate,Micronekton,0.034467062
LittleSkate,Microzooplankton,0
LittleSkate,OceanPout,0.000322252
LittleSkate,Odontocetes,0
LittleSkate,OtherCephalopods,0.008259791
LittleSkate,OtherDemersals,0.040140793
LittleSkate,OtherPelagics,0.0000461
LittleSkate,OtherShrimps,0.106940002
LittleSkate,OtherSkates,0.0000952
LittleSkate,Phytoplankton,0
LittleSkate,RedHake,0.000805092
LittleSkate,Scup,0
LittleSkate,SeaBirds,0
LittleSkate,Sharks,0
LittleSkate,SilverHake,0.001901129
LittleSkate,SmCopepods,0
LittleSkate,SmFlatfishes,0.007558921
LittleSkate,SmoothDogfish,0
LittleSkate,SmPelagics,0.018670993
LittleSkate,SouthernDemersals,0
LittleSkate,SpinyDogfish,0
LittleSkate,SummerFlounder,0
LittleSkate,Weakfish,0
LittleSkate,Windowpane,0.0000937
LittleSkate,WinterFlounder,0.0000926
LittleSkate,WinterSkate,0
LittleSkate,YTFlounder,0
LittleSkate,Detritus,0
LittleSkate,Discards,0
Loligo,AmLobster,0
Loligo,AmShad,0.000130785
Loligo,AtlCroaker,0
Loligo,AtlMackerel,0.000152834
Loligo,AtlScallop,0
Loligo,Bacteria,0
Loligo,BaleenWhales,0
Loligo,BlackSeaBass,0
Loligo,Bluefish,0
Loligo,Butterfish,0.015952398
Loligo,Cod,0
Loligo,Fourspot,0
Loligo,GelZooplankton,0.034791475
Loligo,Goosefish,0
Loligo,HMS,0
Loligo,Illex,0.00456706
Loligo,LgCopepods,0.255137514
Loligo,LittleSkate,0
Loligo,Loligo,0.028876533
Loligo,Macrobenthos,0.104374444
Loligo,Megabenthos,0
Loligo,Mesopelagics,0.011294008
Loligo,Micronekton,0.521872219
Loligo,Microzooplankton,0
Loligo,OceanPout,0
Loligo,Odontocetes,0
Loligo,OtherCephalopods,0.00000135
Loligo,OtherDemersals,0
Loligo,OtherPelagics,0
Loligo,OtherShrimps,0.022588016
Loligo,OtherSkates,0
Loligo,Phytoplankton,0
Loligo,RedHake,0
Loligo,Scup,0
Loligo,SeaBirds,0
Loligo,Sharks,0
Loligo,SilverHake,0
Loligo,SmCopepods,0
Loligo,SmFlatfishes,0
Loligo,SmoothDogfish,0
Loligo,SmPelagics,0.000261365
Loligo,SouthernDemersals,0
Loligo,SpinyDogfish,0
Loligo,SummerFlounder,0
Loligo,Weakfish,0
Loligo,Windowpane,0
Loligo,WinterFlounder,0
Loligo,WinterSkate,0
Loligo,YTFlounder,0
Loligo,Detritus,0
Loligo,Discards,0
Macrobenthos,AmLobster,0.000053
Macrobenthos,AmShad,0
Macrobenthos,AtlCroaker,0.0000741
Macrobenthos,AtlMackerel,0
Macrobenthos,AtlScallop,0.000146981
Macrobenthos,Bacteria,0.240593072
Macrobenthos,BaleenWhales,0
Macrobenthos,BlackSeaBass,0.00000618
Macrobenthos,Bluefish,0
Macrobenthos,Butterfish,0
Macrobenthos,Cod,0.000000104
Macrobenthos,Fourspot,0.0000198
Macrobenthos,GelZooplankton,0
Macrobenthos,Goosefish,0.000000465
Macrobenthos,HMS,0
Macrobenthos,Illex,0
Macrobenthos,LgCopepods,0.001883561
Macrobenthos,LittleSkate,0.00010879
Macrobenthos,Loligo,0
Macrobenthos,Macrobenthos,0.074513858
Macrobenthos,Megabenthos,0.01004867
Macrobenthos,Mesopelagics,0
Macrobenthos,Micronekton,0
Macrobenthos,Microzooplankton,0
Macrobenthos,OceanPout,0.00000282
Macrobenthos,Odontocetes,0
Macrobenthos,OtherCephalopods,0
Macrobenthos,OtherDemersals,0.000000855
Macrobenthos,OtherPelagics,0
Macrobenthos,OtherShrimps,0
Macrobenthos,OtherSkates,0.0000705
Macrobenthos,Phytoplankton,0.266736396
Macrobenthos,RedHake,0.0000424
Macrobenthos,Scup,0.0000418
Macrobenthos,SeaBirds,0
Macrobenthos,Sharks,0
Macrobenthos,SilverHake,0.000000886
Macrobenthos,SmCopepods,0.00094178
Macrobenthos,SmFlatfishes,0.000000296
Macrobenthos,SmoothDogfish,0.00000144
Macrobenthos,SmPelagics,0
Macrobenthos,SouthernDemersals,0.00000427
Macrobenthos,SpinyDogfish,0.00000684
Macrobenthos,SummerFlounder,0.000000245
Macrobenthos,Weakfish,0.0000229
Macrobenthos,Windowpane,0.00000734
Macrobenthos,WinterFlounder,0.0000105
Macrobenthos,WinterSkate,0.0000377
Macrobenthos,YTFlounder,0.0000134
Macrobenthos,Detritus,0.404604713
Macrobenthos,Discards,0.00000433
Megabenthos,AmLobster,0.000252577
Megabenthos,AmShad,0
Megabenthos,AtlCroaker,0.000354171
Megabenthos,AtlMackerel,0
Megabenthos,AtlScallop,0.000429772
Megabenthos,Bacteria,0.152764087
Megabenthos,BaleenWhales,0
Megabenthos,BlackSeaBass,0.0000246
Megabenthos,Bluefish,0
Megabenthos,Butterfish,0
Megabenthos,Cod,0.000000188
Megabenthos,Fourspot,0.0000946
Megabenthos,GelZooplankton,0
Megabenthos,Goosefish,0.000000838
Megabenthos,HMS,0
Megabenthos,Illex,0
Megabenthos,LgCopepods,0
Megabenthos,LittleSkate,0.000432833
Megabenthos,Loligo,0
Megabenthos,Macrobenthos,0.211932949
Megabenthos,Megabenthos,0.033476864
Megabenthos,Mesopelagics,0
Megabenthos,Micronekton,0
Megabenthos,Microzooplankton,0
Megabenthos,OceanPout,0.0000135
Megabenthos,Odontocetes,0
Megabenthos,OtherCephalopods,0
Megabenthos,OtherDemersals,0.00000409
Megabenthos,OtherPelagics,0
Megabenthos,OtherShrimps,0
Megabenthos,OtherSkates,0.000280605
Megabenthos,Phytoplankton,0.385759927
Megabenthos,RedHake,0.000202572
Megabenthos,Scup,0.000199985
Megabenthos,SeaBirds,0
Megabenthos,Sharks,0
Megabenthos,SilverHake,0.0000016
Megabenthos,SmCopepods,0
Megabenthos,SmFlatfishes,0.00000142
Megabenthos,SmoothDogfish,0.00000259
Megabenthos,SmPelagics,0
Megabenthos,SouthernDemersals,0.0000204
Megabenthos,SpinyDogfish,0.0000123
Megabenthos,SummerFlounder,0.000000442
Megabenthos,Weakfish,0.000109751
Megabenthos,Windowpane,0.0000351
Megabenthos,WinterFlounder,0.0000501
Megabenthos,WinterSkate,0.00014987
Megabenthos,YTFlounder,0.0000641
Megabenthos,Detritus,0.213324937
Megabenthos,Discards,0.00000304
Mesopelagics,AmLobster,0
Mesopelagics,AmShad,0
Mesopelagics,AtlCroaker,0
Mesopelagics,AtlMackerel,0
Mesopelagics,AtlScallop,0
Mesopelagics,Bacteria,0
Mesopelagics,BaleenWhales,0
Mesopelagics,BlackSeaBass,0
Mesopelagics,Bluefish,0
Mesopelagics,Butterfish,0
Mesopelagics,Cod,0
Mesopelagics,Fourspot,0
Mesopelagics,GelZooplankton,0
Mesopelagics,Goosefish,0
Mesopelagics,HMS,0
Mesopelagics,Illex,0
Mesopelagics,LgCopepods,0
Mesopelagics,LittleSkate,0
Mesopelagics,Loligo,0
Mesopelagics,Macrobenthos,0.907240402
Mesopelagics,Megabenthos,0.013398609
Mesopelagics,Mesopelagics,0
Mesopelagics,Micronekton,0.028343211
Mesopelagics,Microzooplankton,0
Mesopelagics,OceanPout,0
Mesopelagics,Odontocetes,0
Mesopelagics,OtherCephalopods,0
Mesopelagics,OtherDemersals,0
Mesopelagics,OtherPelagics,0
Mesopelagics,OtherShrimps,0.051017779
Mesopelagics,OtherSkates,0
Mesopelagics,Phytoplankton,0
Mesopelagics,RedHake,0
Mesopelagics,Scup,0
Mesopelagics,SeaBirds,0
Mesopelagics,Sharks,0
Mesopelagics,SilverHake,0
Mesopelagics,SmCopepods,0
Mesopelagics,SmFlatfishes,0
Mesopelagics,SmoothDogfish,0
Mesopelagics,SmPelagics,0
Mesopelagics,SouthernDemersals,0
Mesopelagics,SpinyDogfish,0
Mesopelagics,SummerFlounder,0
Mesopelagics,Weakfish,0
Mesopelagics,Windowpane,0
Mesopelagics,WinterFlounder,0
Mesopelagics,WinterSkate,0
Mesopelagics,YTFlounder,0
Mesopelagics,Detritus,0
Mesopelagics,Discards,0
Micronekton,AmLobster,0
Micronekton,AmShad,0
Micronekton,AtlCroaker,0
Micronekton,AtlMackerel,0
Micronekton,AtlScallop,0
Micronekton,Bacteria,0
Micronekton,BaleenWhales,0
Micronekton,BlackSeaBass,0
Micronekton,Bluefish,0
Micronekton,Butterfish,0
Micronekton,Cod,0
Micronekton,Fourspot,0
Micronekton,GelZooplankton,0.0016
Micronekton,Goosefish,0
Micronekton,HMS,0
Micronekton,Illex,0
Micronekton,LgCopepods,0.3648
Micronekton,LittleSkate,0
Micronekton,Loligo,0
Micronekton,Macrobenthos,0
Micronekton,Megabenthos,0
Micronekton,Mesopelagics,0
Micronekton,Micronekton,0.0464
Micronekton,Microzooplankton,0
Micronekton,OceanPout,0
Micronekton,Odontocetes,0
Micronekton,OtherCephalopods,0
Micronekton,OtherDemersals,0
Micronekton,OtherPelagics,0
Micronekton,OtherShrimps,0
Micronekton,OtherSkates,0
Micronekton,Phytoplankton,0.1824
Micronekton,RedHake,0
Micronekton,Scup,0
Micronekton,SeaBirds,0
Micronekton,Sharks,0
Micronekton,SilverHake,0
Micronekton,SmCopepods,0.2208
Micronekton,SmFlatfishes,0
Micronekton,SmoothDogfish,0
Micronekton,SmPelagics,0
Micronekton,SouthernDemersals,0
Micronekton,SpinyDogfish,0
Micronekton,SummerFlounder,0
Micronekton,Weakfish,0
Micronekton,Windowpane,0
Micronekton,WinterFlounder,0
Micronekton,WinterSkate,0
Micronekton,YTFlounder,0
Micronekton,Detritus,0.184
Micronekton,Discards,0
Microzooplankton,AmLobster,0
Microzooplankton,AmShad,0
Microzooplankton,AtlCroaker,0
Microzooplankton,AtlMackerel,0
Microzooplankton,AtlScallop,0
Microzooplankton,Bacteria,0.157748716
Microzooplankton,BaleenWhales,0
Microzooplankton,BlackSeaBass,0
Microzooplankton,Bluefish,0
Microzooplankton,Butterfish,0
Microzooplankton,Cod,0
Microzooplankton,Fourspot,0
Microzooplankton,GelZooplankton,0
Microzooplankton,Goosefish,0
Microzooplankton,HMS,0
Microzooplankton,Illex,0
Microzooplankton,LgCopepods,0
Microzooplankton,LittleSkate,0
Microzooplankton,Loligo,0
Microzooplankton,Macrobenthos,0
Microzooplankton,Megabenthos,0
Microzooplankton,Mesopelagics,0
Microzooplankton,Micronekton,0
Microzooplankton,Microzooplankton,0.131522813
Microzooplankton,OceanPout,0
Microzooplankton,Odontocetes,0
Microzooplankton,OtherCephalopods,0
Microzooplankton,OtherDemersals,0
Microzooplankton,OtherPelagics,0
Microzooplankton,OtherShrimps,0
Microzooplankton,OtherSkates,0
Microzooplankton,Phytoplankton,0.213218521
Microzooplankton,RedHake,0
Microzooplankton,Scup,0
Microzooplankton,SeaBirds,0
Microzooplankton,Sharks,0
Microzooplankton,SilverHake,0
Microzooplankton,SmCopepods,0
Microzooplankton,SmFlatfishes,0
Microzooplankton,SmoothDogfish,0
Microzooplankton,SmPelagics,0
Microzooplankton,SouthernDemersals,0
Microzooplankton,SpinyDogfish,0
Microzooplankton,SummerFlounder,0
Microzooplankton,Weakfish,0
Microzooplankton,Windowpane,0
Microzooplankton,WinterFlounder,0
Microzooplankton,WinterSkate,0
Microzooplankton,YTFlounder,0
Microzooplankton,Detritus,0.49750995
Microzooplankton,Discards,0
OceanPout,AmLobster,0.0000894
OceanPout,AmShad,0
OceanPout,AtlCroaker,0
OceanPout,AtlMackerel,0
OceanPout,AtlScallop,0
OceanPout,Bacteria,0
OceanPout,BaleenWhales,0
OceanPout,BlackSeaBass,0
OceanPout,Bluefish,0
OceanPout,Butterfish,0
OceanPout,Cod,0
OceanPout,Fourspot,0
OceanPout,GelZooplankton,0.00056191
OceanPout,Goosefish,0
OceanPout,HMS,0
OceanPout,Illex,0
OceanPout,LgCopepods,0
OceanPout,LittleSkate,0
OceanPout,Loligo,0.000164733
OceanPout,Macrobenthos,0.8193904
OceanPout,Megabenthos,0.174509841
OceanPout,Mesopelagics,0
OceanPout,Micronekton,0.0039023
OceanPout,Microzooplankton,0
OceanPout,OceanPout,0
OceanPout,Odontocetes,0
OceanPout,OtherCephalopods,0.000353
OceanPout,OtherDemersals,0
OceanPout,OtherPelagics,0
OceanPout,OtherShrimps,0.001028389
OceanPout,OtherSkates,0
OceanPout,Phytoplankton,0
OceanPout,RedHake,0
OceanPout,Scup,0
OceanPout,SeaBirds,0
OceanPout,Sharks,0
OceanPout,SilverHake,0
OceanPout,SmCopepods,0
OceanPout,SmFlatfishes,0
OceanPout,SmoothDogfish,0
OceanPout,SmPelagics,0
OceanPout,SouthernDemersals,0
OceanPout,SpinyDogfish,0
OceanPout,SummerFlounder,0
OceanPout,Weakfish,0
OceanPout,Windowpane,0
OceanPout,WinterFlounder,0
OceanPout,WinterSkate,0
OceanPout,YTFlounder,0
OceanPout,Detritus,0
OceanPout,Discards,0
Odontocetes,AmLobster,0
Odontocetes,AmShad,0.003412977
Odontocetes,AtlCroaker,0
Odontocetes,AtlMackerel,0.003988375
Odontocetes,AtlScallop,0
Odontocetes,Bacteria,0
Odontocetes,BaleenWhales,0
Odontocetes,BlackSeaBass,0.002433394
Odontocetes,Bluefish,0.00138248
Odontocetes,Butterfish,0.41629452
Odontocetes,Cod,0.000912066
Odontocetes,Fourspot,0
Odontocetes,GelZooplankton,0.001393736
Odontocetes,Goosefish,0.00407023
Odontocetes,HMS,0
Odontocetes,Illex,0.048341542
Odontocetes,LgCopepods,0
Odontocetes,LittleSkate,0.042802565
Odontocetes,Loligo,0.305653146
Odontocetes,Macrobenthos,0
Odontocetes,Megabenthos,0
Odontocetes,Mesopelagics,0.006704047
Odontocetes,Micronekton,0.034843407
Odontocetes,Microzooplankton,0
Odontocetes,OceanPout,0
Odontocetes,Odontocetes,0.001138507
Odontocetes,OtherCephalopods,0.0000143
Odontocetes,OtherDemersals,0
Odontocetes,OtherPelagics,0.0000113
Odontocetes,OtherShrimps,0
Odontocetes,OtherSkates,0.027748856
Odontocetes,Phytoplankton,0
Odontocetes,RedHake,0
Odontocetes,Scup,0
Odontocetes,SeaBirds,0
Odontocetes,Sharks,0
Odontocetes,SilverHake,0.007757018
Odontocetes,SmCopepods,0
Odontocetes,SmFlatfishes,0
Odontocetes,SmoothDogfish,0.012591345
Odontocetes,SmPelagics,0.001639446
Odontocetes,SouthernDemersals,0
Odontocetes,SpinyDogfish,0.059897728
Odontocetes,SummerFlounder,0.002148502
Odontocetes,Weakfish,0
Odontocetes,Windowpane,0
Odontocetes,WinterFlounder,0
Odontocetes,WinterSkate,0.014820588
Odontocetes,YTFlounder,0
Odontocetes,Detritus,0
Odontocetes,Discards,0
OtherCephalopods,AmLobster,0
OtherCephalopods,AmShad,0.000130785
OtherCephalopods,AtlCroaker,0
OtherCephalopods,AtlMackerel,0.000152834
OtherCephalopods,AtlScallop,0
OtherCephalopods,Bacteria,0
OtherCephalopods,BaleenWhales,0
OtherCephalopods,BlackSeaBass,0
OtherCephalopods,Bluefish,0
OtherCephalopods,Butterfish,0.015952398
OtherCephalopods,Cod,0
OtherCephalopods,Fourspot,0
OtherCephalopods,GelZooplankton,0.034791475
OtherCephalopods,Goosefish,0
OtherCephalopods,HMS,0
OtherCephalopods,Illex,0.00456706
OtherCephalopods,LgCopepods,0.255137514
OtherCephalopods,LittleSkate,0
OtherCephalopods,Loligo,0.028876533
OtherCephalopods,Macrobenthos,0.104374444
OtherCephalopods,Megabenthos,0
OtherCephalopods,Mesopelagics,0.011294008
OtherCephalopods,Micronekton,0.521872219
OtherCephalopods,Microzooplankton,0
OtherCephalopods,OceanPout,0
OtherCephalopods,Odontocetes,0
OtherCephalopods,OtherCephalopods,0.00000135
OtherCephalopods,OtherDemersals,0
OtherCephalopods,OtherPelagics,0
OtherCephalopods,OtherShrimps,0.022588016
OtherCephalopods,OtherSkates,0
OtherCephalopods,Phytoplankton,0
OtherCephalopods,RedHake,0
OtherCephalopods,Scup,0
OtherCephalopods,SeaBirds,0
OtherCephalopods,Sharks,0
OtherCephalopods,SilverHake,0
OtherCephalopods,SmCopepods,0
OtherCephalopods,SmFlatfishes,0
OtherCephalopods,SmoothDogfish,0
OtherCephalopods,SmPelagics,0.000261365
OtherCephalopods,SouthernDemersals,0
OtherCephalopods,SpinyDogfish,0
OtherCephalopods,SummerFlounder,0
OtherCephalopods,Weakfish,0
OtherCephalopods,Windowpane,0
OtherCephalopods,WinterFlounder,0
OtherCephalopods,WinterSkate,0
OtherCephalopods,YTFlounder,0
OtherCephalopods,Detritus,0
OtherCephalopods,Discards,0
OtherDemersals,AmLobster,0.003826054
OtherDemersals,AmShad,0.0000455
OtherDemersals,AtlCroaker,0.030710069
OtherDemersals,AtlMackerel,0.0000532
OtherDemersals,AtlScallop,0.002599631
OtherDemersals,Bacteria,0.014081133
OtherDemersals,BaleenWhales,0
OtherDemersals,BlackSeaBass,0.000715451
OtherDemersals,Bluefish,0
OtherDemersals,Butterfish,0.005552155
OtherDemersals,Cod,0.000293836
OtherDemersals,Fourspot,0.008205421
OtherDemersals,GelZooplankton,0.002349283
OtherDemersals,Goosefish,0.001311287
OtherDemersals,HMS,0
OtherDemersals,Illex,0.011243809
OtherDemersals,LgCopepods,0
OtherDemersals,LittleSkate,0.012584533
OtherDemersals,Loligo,0.071092182
OtherDemersals,Macrobenthos,0.418171888
OtherDemersals,Megabenthos,0.29898094
OtherDemersals,Mesopelagics,0
OtherDemersals,Micronekton,0.001174641
OtherDemersals,Microzooplankton,0
OtherDemersals,OceanPout,0.001171018
OtherDemersals,Odontocetes,0
OtherDemersals,OtherCephalopods,0.00000332
OtherDemersals,OtherDemersals,0.000354635
OtherDemersals,OtherPelagics,0
OtherDemersals,OtherShrimps,0.003039133
OtherDemersals,OtherSkates,0.008158539
OtherDemersals,Phytoplankton,0
OtherDemersals,RedHake,0.017564943
OtherDemersals,Scup,0.017340681
OtherDemersals,SeaBirds,0
OtherDemersals,Sharks,0
OtherDemersals,SilverHake,0.002499041
OtherDemersals,SmCopepods,0
OtherDemersals,SmFlatfishes,0.000122946
OtherDemersals,SmoothDogfish,0.004056493
OtherDemersals,SmPelagics,0
OtherDemersals,SouthernDemersals,0.00177208
OtherDemersals,SpinyDogfish,0.019296965
OtherDemersals,SummerFlounder,0.000692173
OtherDemersals,Weakfish,0.009516468
OtherDemersals,Windowpane,0.003043384
OtherDemersals,WinterFlounder,0.004347637
OtherDemersals,WinterSkate,0.004357453
OtherDemersals,YTFlounder,0.005561839
OtherDemersals,Detritus,0.01409568
OtherDemersals,Discards,0.0000145
OtherPelagics,AmLobster,0.004748761
OtherPelagics,AmShad,0.003063635
OtherPelagics,AtlCroaker,0.019522873
OtherPelagics,AtlMackerel,0.003580137
OtherPelagics,AtlScallop,0
OtherPelagics,Bacteria,0
OtherPelagics,BaleenWhales,0
OtherPelagics,BlackSeaBass,0.001932371
OtherPelagics,Bluefish,0.037725594
OtherPelagics,Butterfish,0.373683865
OtherPelagics,Cod,0.000263373
OtherPelagics,Fourspot,0.005216315
OtherPelagics,GelZooplankton,0.01267758
OtherPelagics,Goosefish,0.001175341
OtherPelagics,HMS,0
OtherPelagics,Illex,0.019932223
OtherPelagics,LgCopepods,0
OtherPelagics,LittleSkate,0.033989742
OtherPelagics,Loligo,0.12602715
OtherPelagics,Macrobenthos,0.030426211
OtherPelagics,Megabenthos,0.19936037
OtherPelagics,Mesopelagics,0
OtherPelagics,Micronekton,0.015213105
OtherPelagics,Microzooplankton,0
OtherPelagics,OceanPout,0.000744435
OtherPelagics,Odontocetes,0
OtherPelagics,OtherCephalopods,0.00000588
OtherPelagics,OtherDemersals,0.000225447
OtherPelagics,OtherPelagics,0.000307157
OtherPelagics,OtherShrimps,0.010045832
OtherPelagics,OtherSkates,0.022035512
OtherPelagics,Phytoplankton,0
OtherPelagics,RedHake,0.011166309
OtherPelagics,Scup,0.011023743
OtherPelagics,SeaBirds,0
OtherPelagics,Sharks,0
OtherPelagics,SilverHake,0.002239958
OtherPelagics,SmCopepods,0
OtherPelagics,SmFlatfishes,0.0000782
OtherPelagics,SmoothDogfish,0.003635944
OtherPelagics,SmPelagics,0.004856421
OtherPelagics,SouthernDemersals,0.001126539
OtherPelagics,SpinyDogfish,0.01729639
OtherPelagics,SummerFlounder,0.000620413
OtherPelagics,Weakfish,0.006049768
OtherPelagics,Windowpane,0.001934727
OtherPelagics,WinterFlounder,0.002763861
OtherPelagics,WinterSkate,0.011769106
OtherPelagics,YTFlounder,0.003535748
OtherPelagics,Detritus,0
OtherPelagics,Discards,0
OtherShrimps,AmLobster,0
OtherShrimps,AmShad,0
OtherShrimps,AtlCroaker,0
OtherShrimps,AtlMackerel,0
OtherShrimps,AtlScallop,0
OtherShrimps,Bacteria,0.3926977
OtherShrimps,BaleenWhales,0
OtherShrimps,BlackSeaBass,0
OtherShrimps,Bluefish,0
OtherShrimps,Butterfish,0
OtherShrimps,Cod,0
OtherShrimps,Fourspot,0
OtherShrimps,GelZooplankton,0
OtherShrimps,Goosefish,0
OtherShrimps,HMS,0
OtherShrimps,Illex,0
OtherShrimps,LgCopepods,0
OtherShrimps,LittleSkate,0
OtherShrimps,Loligo,0
OtherShrimps,Macrobenthos,0.10060258
OtherShrimps,Megabenthos,0
OtherShrimps,Mesopelagics,0
OtherShrimps,Micronekton,0.1133996
OtherShrimps,Microzooplankton,0
OtherShrimps,OceanPout,0
OtherShrimps,Odontocetes,0
OtherShrimps,OtherCephalopods,0
OtherShrimps,OtherDemersals,0
OtherShrimps,OtherPelagics,0
OtherShrimps,OtherShrimps,0.000600841
OtherShrimps,OtherSkates,0
OtherShrimps,Phytoplankton,0.05669979
OtherShrimps,RedHake,0
OtherShrimps,Scup,0
OtherShrimps,SeaBirds,0
OtherShrimps,Sharks,0
OtherShrimps,SilverHake,0
OtherShrimps,SmCopepods,0
OtherShrimps,SmFlatfishes,0
OtherShrimps,SmoothDogfish,0
OtherShrimps,SmPelagics,0
OtherShrimps,SouthernDemersals,0
OtherShrimps,SpinyDogfish,0
OtherShrimps,SummerFlounder,0
OtherShrimps,Weakfish,0
OtherShrimps,Windowpane,0
OtherShrimps,WinterFlounder,0
OtherShrimps,WinterSkate,0
OtherShrimps,YTFlounder,0
OtherShrimps,Detritus,0.3359987
OtherShrimps,Discards,0.00000079
OtherSkates,AmLobster,0
OtherSkates,AmShad,0
OtherSkates,AtlCroaker,0
OtherSkates,AtlMackerel,0
OtherSkates,AtlScallop,0
OtherSkates,Bacteria,0
OtherSkates,BaleenWhales,0
OtherSkates,BlackSeaBass,0.002563312
OtherSkates,Bluefish,0
OtherSkates,Butterfish,0.004620135
OtherSkates,Cod,0
OtherSkates,Fourspot,0.000324294
OtherSkates,GelZooplankton,0.001446814
OtherSkates,Goosefish,0.000260593
OtherSkates,HMS,0
OtherSkates,Illex,0.0000834
OtherSkates,LgCopepods,0
OtherSkates,LittleSkate,0
OtherSkates,Loligo,0.067829546
OtherSkates,Macrobenthos,0.109185003
OtherSkates,Megabenthos,0.492496594
OtherSkates,Mesopelagics,0
OtherSkates,Micronekton,0.03007404
OtherSkates,Microzooplankton,0
OtherSkates,OceanPout,0
OtherSkates,Odontocetes,0
OtherSkates,OtherCephalopods,0.016851377
OtherSkates,OtherDemersals,0.117526819
OtherSkates,OtherPelagics,0
OtherSkates,OtherShrimps,0.022898834
OtherSkates,OtherSkates,0.00299277
OtherSkates,Phytoplankton,0
OtherSkates,RedHake,0.000523966
OtherSkates,Scup,0
OtherSkates,SeaBirds,0
OtherSkates,Sharks,0.00000624
OtherSkates,SilverHake,0
OtherSkates,SmCopepods,0
OtherSkates,SmFlatfishes,0.028078695
OtherSkates,SmoothDogfish,0
OtherSkates,SmPelagics,0.0476106
OtherSkates,SouthernDemersals,0.049832055
OtherSkates,SpinyDogfish,0
OtherSkates,SummerFlounder,0
OtherSkates,Weakfish,0
OtherSkates,Windowpane,0.001783617
OtherSkates,WinterFlounder,0.003011301
OtherSkates,WinterSkate,0
OtherSkates,YTFlounder,0
OtherSkates,Detritus,0
OtherSkates,Discards,0
Phytoplankton,AmLobster,0
Phytoplankton,AmShad,0
Phytoplankton,AtlCroaker,0
Phytoplankton,AtlMackerel,0
Phytoplankton,AtlScallop,0
Phytoplankton,Bacteria,0
Phytoplankton,BaleenWhales,0
Phytoplankton,BlackSeaBass,0
Phytoplankton,Bluefish,0
Phytoplankton,Butterfish,0
Phytoplankton,Cod,0
Phytoplankton,Fourspot,0
Phytoplankton,GelZooplankton,0
Phytoplankton,Goosefish,0
Phytoplankton,HMS,0
Phytoplankton,Illex,0
Phytoplankton,LgCopepods,0
Phytoplankton,LittleSkate,0
Phytoplankton,Loligo,0
Phytoplankton,Macrobenthos,0
Phytoplankton,Megabenthos,0
Phytoplankton,Mesopelagics,0
Phytoplankton,Micronekton,0
Phytoplankton,Microzooplankton,0
Phytoplankton,OceanPout,0
Phytoplankton,Odontocetes,0
Phytoplankton,OtherCephalopods,0
Phytoplankton,OtherDemersals,0
Phytoplankton,OtherPelagics,0
Phytoplankton,OtherShrimps,0
Phytoplankton,OtherSkates,0
Phytoplankton,Phytoplankton,0
Phytoplankton,RedHake,0
Phytoplankton,Scup,0
Phytoplankton,SeaBirds,0
Phytoplankton,Sharks,0
Phytoplankton,SilverHake,0
Phytoplankton,SmCopepods,0
Phytoplankton,SmFlatfishes,0
Phytoplankton,SmoothDogfish,0
Phytoplankton,SmPelagics,0
Phytoplankton,SouthernDemersals,0
Phytoplankton,SpinyDogfish,0
Phytoplankton,SummerFlounder,0
Phytoplankton,Weakfish,0
Phytoplankton,Windowpane,0
Phytoplankton,WinterFlounder,0
Phytoplankton,WinterSkate,0
Phytoplankton,YTFlounder,0
Phytoplankton,Detritus,0
Phytoplankton,Discards,0
RedHake,AmLobster,0.000965815
RedHake,AmShad,0
RedHake,AtlCroaker,0
RedHake,AtlMackerel,0.011250721
RedHake,AtlScallop,0
RedHake,Bacteria,0
RedHake,BaleenWhales,0
RedHake,BlackSeaBass,0.001582293
RedHake,Bluefish,0
RedHake,Butterfish,0.018494335
RedHake,Cod,0
RedHake,Fourspot,0
RedHake,GelZooplankton,0.000385396
RedHake,Goosefish,0.000256866
RedHake,HMS,0
RedHake,Illex,0.005034569
RedHake,LgCopepods,0
RedHake,LittleSkate,0
RedHake,Loligo,0.057640679
RedHake,Macrobenthos,0.264798295
RedHake,Megabenthos,0.187583811
RedHake,Mesopelagics,0.000667851
RedHake,Micronekton,0.128247399
RedHake,Microzooplankton,0
RedHake,OceanPout,0
RedHake,Odontocetes,0
RedHake,OtherCephalopods,0.040959255
RedHake,OtherDemersals,0.042334281
RedHake,OtherPelagics,0.001027463
RedHake,OtherShrimps,0.152838857
RedHake,OtherSkates,0
RedHake,Phytoplankton,0.00000719
RedHake,RedHake,0.002907384
RedHake,Scup,0
RedHake,SeaBirds,0
RedHake,Sharks,0
RedHake,SilverHake,0.011800413
RedHake,SmCopepods,0
RedHake,SmFlatfishes,0.025892088
RedHake,SmoothDogfish,0
RedHake,SmPelagics,0.041215187
RedHake,SouthernDemersals,0
RedHake,SpinyDogfish,0.004109852
RedHake,SummerFlounder,0
RedHake,Weakfish,0
RedHake,Windowpane,0
RedHake,WinterFlounder,0
RedHake,WinterSkate,0
RedHake,YTFlounder,0
RedHake,Detritus,0
RedHake,Discards,0
Scup,AmLobster,0
Scup,AmShad,0
Scup,AtlCroaker,0
Scup,AtlMackerel,0
Scup,AtlScallop,0
Scup,Bacteria,0
Scup,BaleenWhales,0
Scup,BlackSeaBass,0
Scup,Bluefish,0
Scup,Butterfish,0
Scup,Cod,0
Scup,Fourspot,0
Scup,GelZooplankton,0.013214422
Scup,Goosefish,0
Scup,HMS,0
Scup,Illex,0
Scup,LgCopepods,0
Scup,LittleSkate,0
Scup,Loligo,0.011892988
Scup,Macrobenthos,0.778110165
Scup,Megabenthos,0.084652946
Scup,Mesopelagics,0
Scup,Micronekton,0.02326646
Scup,Microzooplankton,0
Scup,OceanPout,0
Scup,Odontocetes,0
Scup,OtherCephalopods,0.015039871
Scup,OtherDemersals,0.000531302
Scup,OtherPelagics,0
Scup,OtherShrimps,0.013192352
Scup,OtherSkates,0
Scup,Phytoplankton,0.000909492
Scup,RedHake,0
Scup,Scup,0
Scup,SeaBirds,0
Scup,Sharks,0
Scup,SilverHake,0
Scup,SmCopepods,0
Scup,SmFlatfishes,0
Scup,SmoothDogfish,0
Scup,SmPelagics,0.059190002
Scup,SouthernDemersals,0
Scup,SpinyDogfish,0
Scup,SummerFlounder,0
Scup,Weakfish,0
Scup,Windowpane,0
Scup,WinterFlounder,0
Scup,WinterSkate,0
Scup,YTFlounder,0
Scup,Detritus,0
Scup,Discards,0
SeaBirds,AmLobster,0
SeaBirds,AmShad,0.003159517
SeaBirds,AtlCroaker,0
SeaBirds,AtlMackerel,0.003692184
SeaBirds,AtlScallop,0
SeaBirds,Bacteria,0
SeaBirds,BaleenWhales,0
SeaBirds,BlackSeaBass,0.001535088
SeaBirds,Bluefish,0.001484974
SeaBirds,Butterfish,0.385379005
SeaBirds,Cod,0.000388763
SeaBirds,Fourspot,0
SeaBirds,GelZooplankton,0
SeaBirds,Goosefish,0.001734914
SeaBirds,HMS,0
SeaBirds,Illex,0.008665667
SeaBirds,LgCopepods,0.044911917
SeaBirds,LittleSkate,0.02700167
SeaBirds,Loligo,0.054791146
SeaBirds,Macrobenthos,0
SeaBirds,Megabenthos,0
SeaBirds,Mesopelagics,0.000149631
SeaBirds,Micronekton,0.18413885
SeaBirds,Microzooplankton,0
SeaBirds,OceanPout,0
SeaBirds,Odontocetes,0
SeaBirds,OtherCephalopods,0.00000256
SeaBirds,OtherDemersals,0
SeaBirds,OtherPelagics,0.0000121
SeaBirds,OtherShrimps,0.044889004
SeaBirds,OtherSkates,0.017505153
SeaBirds,Phytoplankton,0
SeaBirds,RedHake,0
SeaBirds,Scup,0
SeaBirds,SeaBirds,0
SeaBirds,Sharks,0
SeaBirds,SilverHake,0.003306388
SeaBirds,SmCopepods,0
SeaBirds,SmFlatfishes,0
SeaBirds,SmoothDogfish,0.005366995
SeaBirds,SmPelagics,0.00691986
SeaBirds,SouthernDemersals,0
SeaBirds,SpinyDogfish,0.025531094
SeaBirds,SummerFlounder,0.000915788
SeaBirds,Weakfish,0
SeaBirds,Windowpane,0
SeaBirds,WinterFlounder,0
SeaBirds,WinterSkate,0.009349454
SeaBirds,YTFlounder,0
SeaBirds,Detritus,0
SeaBirds,Discards,0.169168288
Sharks,AmLobster,0
Sharks,AmShad,0.002050519
Sharks,AtlCroaker,0.01866692
Sharks,AtlMackerel,0.002396219
Sharks,AtlScallop,0
Sharks,Bacteria,0
Sharks,BaleenWhales,0.012121756
Sharks,BlackSeaBass,0.002687488
Sharks,Bluefish,0.144286269
Sharks,Butterfish,0.250110065
Sharks,Cod,0.000881391
Sharks,Fourspot,0.004987613
Sharks,GelZooplankton,0.001212176
Sharks,Goosefish,0.076663863
Sharks,HMS,0.008459583
Sharks,Illex,0.024829211
Sharks,LgCopepods,0
Sharks,LittleSkate,0.047271996
Sharks,Loligo,0.156989748
Sharks,Macrobenthos,0.024243513
Sharks,Megabenthos,0
Sharks,Mesopelagics,0.000848268
Sharks,Micronekton,0
Sharks,Microzooplankton,0
Sharks,OceanPout,0.000711796
Sharks,Odontocetes,0.024243501
Sharks,OtherCephalopods,0.00000733
Sharks,OtherDemersals,0.000215563
Sharks,OtherPelagics,0.001174762
Sharks,OtherShrimps,0
Sharks,OtherSkates,0.030646384
Sharks,Phytoplankton,0
Sharks,RedHake,0.010676739
Sharks,Scup,0.010540422
Sharks,SeaBirds,0.002343487
Sharks,Sharks,0.024243501
Sharks,SilverHake,0.007496128
Sharks,SmCopepods,0
Sharks,SmFlatfishes,0.0000747
Sharks,SmoothDogfish,0.012167864
Sharks,SmPelagics,0.005688609
Sharks,SouthernDemersals,0.001077148
Sharks,SpinyDogfish,0.057883207
Sharks,SummerFlounder,0.002076242
Sharks,Weakfish,0.005784525
Sharks,Windowpane,0.001849902
Sharks,WinterFlounder,0.002642684
Sharks,WinterSkate,0.016368149
Sharks,YTFlounder,0.003380728
Sharks,Detritus,0
Sharks,Discards,0
SilverHake,AmLobster,0
SilverHake,AmShad,0
SilverHake,AtlCroaker,0
SilverHake,AtlMackerel,0.049356425
SilverHake,AtlScallop,0
SilverHake,Bacteria,0
SilverHake,BaleenWhales,0
SilverHake,BlackSeaBass,0.000129047
SilverHake,Bluefish,0
SilverHake,Butterfish,0.070030146
SilverHake,Cod,0
SilverHake,Fourspot,0.000135499
SilverHake,GelZooplankton,0.000318614
SilverHake,Goosefish,0
SilverHake,HMS,0
SilverHake,Illex,0.007323412
SilverHake,LgCopepods,0
SilverHake,LittleSkate,0
SilverHake,Loligo,0.12480593
SilverHake,Macrobenthos,0.046017177
SilverHake,Megabenthos,0.001655406
SilverHake,Mesopelagics,0.004270646
SilverHake,Micronekton,0.089267897
SilverHake,Microzooplankton,0
SilverHake,OceanPout,0.001613086
SilverHake,Odontocetes,0
SilverHake,OtherCephalopods,0.043671676
SilverHake,OtherDemersals,0.053022973
SilverHake,OtherPelagics,0.037004202
SilverHake,OtherShrimps,0.078221185
SilverHake,OtherSkates,0
SilverHake,Phytoplankton,0
SilverHake,RedHake,0.01272381
SilverHake,Scup,0
SilverHake,SeaBirds,0
SilverHake,Sharks,0
SilverHake,SilverHake,0.109656554
SilverHake,SmCopepods,0
SilverHake,SmFlatfishes,0.003508434
SilverHake,SmoothDogfish,0
SilverHake,SmPelagics,0.267074308
SilverHake,SouthernDemersals,0.0000645
SilverHake,SpinyDogfish,0
SilverHake,SummerFlounder,0
SilverHake,Weakfish,0
SilverHake,Windowpane,0
SilverHake,WinterFlounder,0
SilverHake,WinterSkate,0
SilverHake,YTFlounder,0.000129047
SilverHake,Detritus,0
SilverHake,Discards,0
SmCopepods,AmLobster,0
SmCopepods,AmShad,0
SmCopepods,AtlCroaker,0
SmCopepods,AtlMackerel,0
SmCopepods,AtlScallop,0
SmCopepods,Bacteria,0
SmCopepods,BaleenWhales,0
SmCopepods,BlackSeaBass,0
SmCopepods,Bluefish,0
SmCopepods,Butterfish,0
SmCopepods,Cod,0
SmCopepods,Fourspot,0
SmCopepods,GelZooplankton,0
SmCopepods,Goosefish,0
SmCopepods,HMS,0
SmCopepods,Illex,0
SmCopepods,LgCopepods,0
SmCopepods,LittleSkate,0
SmCopepods,Loligo,0
SmCopepods,Macrobenthos,0
SmCopepods,Megabenthos,0
SmCopepods,Mesopelagics,0
SmCopepods,Micronekton,0
SmCopepods,Microzooplankton,0.144888481
SmCopepods,OceanPout,0
SmCopepods,Odontocetes,0
SmCopepods,OtherCephalopods,0
SmCopepods,OtherDemersals,0
SmCopepods,OtherPelagics,0
SmCopepods,OtherShrimps,0
SmCopepods,OtherSkates,0
SmCopepods,Phytoplankton,0.681023311
SmCopepods,RedHake,0
SmCopepods,Scup,0
SmCopepods,SeaBirds,0
SmCopepods,Sharks,0
SmCopepods,SilverHake,0
SmCopepods,SmCopepods,0.051280723
SmCopepods,SmFlatfishes,0
SmCopepods,SmoothDogfish,0
SmCopepods,SmPelagics,0
SmCopepods,SouthernDemersals,0
SmCopepods,SpinyDogfish,0
SmCopepods,SummerFlounder,0
SmCopepods,Weakfish,0
SmCopepods,Windowpane,0
SmCopepods,WinterFlounder,0
SmCopepods,WinterSkate,0
SmCopepods,YTFlounder,0
SmCopepods,Detritus,0.122807484
SmCopepods,Discards,0
SmFlatfishes,AmLobster,0
SmFlatfishes,AmShad,0
SmFlatfishes,AtlCroaker,0
SmFlatfishes,AtlMackerel,0
SmFlatfishes,AtlScallop,0
SmFlatfishes,Bacteria,0
SmFlatfishes,BaleenWhales,0
SmFlatfishes,BlackSeaBass,0
SmFlatfishes,Bluefish,0
SmFlatfishes,Butterfish,0
SmFlatfishes,Cod,0
SmFlatfishes,Fourspot,0
SmFlatfishes,GelZooplankton,0.0000254
SmFlatfishes,Goosefish,0
SmFlatfishes,HMS,0
SmFlatfishes,Illex,0
SmFlatfishes,LgCopepods,0
SmFlatfishes,LittleSkate,0
SmFlatfishes,Loligo,0
SmFlatfishes,Macrobenthos,0.851518864
SmFlatfishes,Megabenthos,0.028295303
SmFlatfishes,Mesopelagics,0
SmFlatfishes,Micronekton,0.080610989
SmFlatfishes,Microzooplankton,0
SmFlatfishes,OceanPout,0
SmFlatfishes,Odontocetes,0
SmFlatfishes,OtherCephalopods,0.00037524
SmFlatfishes,OtherDemersals,0.001193945
SmFlatfishes,OtherPelagics,0
SmFlatfishes,OtherShrimps,0.037971716
SmFlatfishes,OtherSkates,0
SmFlatfishes,Phytoplankton,0.00000853
SmFlatfishes,RedHake,0
SmFlatfishes,Scup,0
SmFlatfishes,SeaBirds,0
SmFlatfishes,Sharks,0
SmFlatfishes,SilverHake,0
SmFlatfishes,SmCopepods,0
SmFlatfishes,SmFlatfishes,0
SmFlatfishes,SmoothDogfish,0
SmFlatfishes,SmPelagics,0
SmFlatfishes,SouthernDemersals,0
SmFlatfishes,SpinyDogfish,0
SmFlatfishes,SummerFlounder,0
SmFlatfishes,Weakfish,0
SmFlatfishes,Windowpane,0
SmFlatfishes,WinterFlounder,0
SmFlatfishes,WinterSkate,0
SmFlatfishes,YTFlounder,0
SmFlatfishes,Detritus,0
SmFlatfishes,Discards,0
SmoothDogfish,AmLobster,0.004844146
SmoothDogfish,AmShad,0
SmoothDogfish,AtlCroaker,0
SmoothDogfish,AtlMackerel,0.001013679
SmoothDogfish,AtlScallop,0
SmoothDogfish,Bacteria,0
SmoothDogfish,BaleenWhales,0
SmoothDogfish,BlackSeaBass,0.000529366
SmoothDogfish,Bluefish,0
SmoothDogfish,Butterfish,0.003139166
SmoothDogfish,Cod,0
SmoothDogfish,Fourspot,0.000113382
SmoothDogfish,GelZooplankton,0.001069977
SmoothDogfish,Goosefish,0.001605026
SmoothDogfish,HMS,0
SmoothDogfish,Illex,0.001084995
SmoothDogfish,LgCopepods,0
SmoothDogfish,LittleSkate,0.000375437
SmoothDogfish,Loligo,0.050610572
SmoothDogfish,Macrobenthos,0.114261257
SmoothDogfish,Megabenthos,0.751861564
SmoothDogfish,Mesopelagics,0.0000387
SmoothDogfish,Micronekton,0.004226156
SmoothDogfish,Microzooplankton,0
SmoothDogfish,OceanPout,0.000219255
SmoothDogfish,Odontocetes,0
SmoothDogfish,OtherCephalopods,0.015039401
SmoothDogfish,OtherDemersals,0.018727581
SmoothDogfish,OtherPelagics,0.002669832
SmoothDogfish,OtherShrimps,0.001755852
SmoothDogfish,OtherSkates,0.003201766
SmoothDogfish,Phytoplankton,0
SmoothDogfish,RedHake,0.0000451
SmoothDogfish,Scup,0
SmoothDogfish,SeaBirds,0
SmoothDogfish,Sharks,0
SmoothDogfish,SilverHake,0.002457984
SmoothDogfish,SmCopepods,0
SmoothDogfish,SmFlatfishes,0.000945141
SmoothDogfish,SmoothDogfish,0
SmoothDogfish,SmPelagics,0.014724829
SmoothDogfish,SouthernDemersals,0.003153507
SmoothDogfish,SpinyDogfish,0.001085012
SmoothDogfish,SummerFlounder,0.000675786
SmoothDogfish,Weakfish,0
SmoothDogfish,Windowpane,0
SmoothDogfish,WinterFlounder,0.000525611
SmoothDogfish,WinterSkate,0
SmoothDogfish,YTFlounder,0
SmoothDogfish,Detritus,0
SmoothDogfish,Discards,0
SmPelagics,AmLobster,0
SmPelagics,AmShad,0
SmPelagics,AtlCroaker,0
SmPelagics,AtlMackerel,0
SmPelagics,AtlScallop,0
SmPelagics,Bacteria,0
SmPelagics,BaleenWhales,0
SmPelagics,BlackSeaBass,0
SmPelagics,Bluefish,0
SmPelagics,Butterfish,0
SmPelagics,Cod,0
SmPelagics,Fourspot,0
SmPelagics,GelZooplankton,0.03159449
SmPelagics,Goosefish,0
SmPelagics,HMS,0
SmPelagics,Illex,0
SmPelagics,LgCopepods,0.6329091
SmPelagics,LittleSkate,0
SmPelagics,Loligo,0
SmPelagics,Macrobenthos,0.007134239
SmPelagics,Megabenthos,0
SmPelagics,Mesopelagics,0.00120629
SmPelagics,Micronekton,0.049939681
SmPelagics,Microzooplankton,0
SmPelagics,OceanPout,0
SmPelagics,Odontocetes,0
SmPelagics,OtherCephalopods,0
SmPelagics,OtherDemersals,0
SmPelagics,OtherPelagics,0
SmPelagics,OtherShrimps,0
SmPelagics,OtherSkates,0
SmPelagics,Phytoplankton,0.1600108
SmPelagics,RedHake,0
SmPelagics,Scup,0
SmPelagics,SeaBirds,0
SmPelagics,Sharks,0
SmPelagics,SilverHake,0
SmPelagics,SmCopepods,0.1172054
SmPelagics,SmFlatfishes,0
SmPelagics,SmoothDogfish,0
SmPelagics,SmPelagics,0
SmPelagics,SouthernDemersals,0
SmPelagics,SpinyDogfish,0
SmPelagics,SummerFlounder,0
SmPelagics,Weakfish,0
SmPelagics,Windowpane,0
SmPelagics,WinterFlounder,0
SmPelagics,WinterSkate,0
SmPelagics,YTFlounder,0
SmPelagics,Detritus,0
SmPelagics,Discards,0
SouthernDemersals,AmLobster,0
SouthernDemersals,AmShad,0
SouthernDemersals,AtlCroaker,0
SouthernDemersals,AtlMackerel,0
SouthernDemersals,AtlScallop,0
SouthernDemersals,Bacteria,0
SouthernDemersals,BaleenWhales,0
SouthernDemersals,BlackSeaBass,0
SouthernDemersals,Bluefish,0
SouthernDemersals,Butterfish,0
SouthernDemersals,Cod,0
SouthernDemersals,Fourspot,0
SouthernDemersals,GelZooplankton,0.000177383
SouthernDemersals,Goosefish,0
SouthernDemersals,HMS,0
SouthernDemersals,Illex,0
SouthernDemersals,LgCopepods,0
SouthernDemersals,LittleSkate,0
SouthernDemersals,Loligo,0
SouthernDemersals,Macrobenthos,0.510148391
SouthernDemersals,Megabenthos,0.241006415
SouthernDemersals,Mesopelagics,0
SouthernDemersals,Micronekton,0.032810695
SouthernDemersals,Microzooplankton,0
SouthernDemersals,OceanPout,0
SouthernDemersals,Odontocetes,0
SouthernDemersals,OtherCephalopods,0.0045028
SouthernDemersals,OtherDemersals,0.005159459
SouthernDemersals,OtherPelagics,0
SouthernDemersals,OtherShrimps,0.026394358
SouthernDemersals,OtherSkates,0
SouthernDemersals,Phytoplankton,0
SouthernDemersals,RedHake,0
SouthernDemersals,Scup,0
SouthernDemersals,SeaBirds,0
SouthernDemersals,Sharks,0
SouthernDemersals,SilverHake,0
SouthernDemersals,SmCopepods,0
SouthernDemersals,SmFlatfishes,0.0000154
SouthernDemersals,SmoothDogfish,0
SouthernDemersals,SmPelagics,0.048419362
SouthernDemersals,SouthernDemersals,0.131331675
SouthernDemersals,SpinyDogfish,0
SouthernDemersals,SummerFlounder,0.0000341
SouthernDemersals,Weakfish,0
SouthernDemersals,Windowpane,0
SouthernDemersals,WinterFlounder,0
SouthernDemersals,WinterSkate,0
SouthernDemersals,YTFlounder,0
SouthernDemersals,Detritus,0
SouthernDemersals,Discards,0
SpinyDogfish,AmLobster,0.000174024
SpinyDogfish,AmShad,0
SpinyDogfish,AtlCroaker,0
SpinyDogfish,AtlMackerel,0.073834043
SpinyDogfish,AtlScallop,0
SpinyDogfish,Bacteria,0
SpinyDogfish,BaleenWhales,0
SpinyDogfish,BlackSeaBass,0.002837846
SpinyDogfish,Bluefish,0
SpinyDogfish,Butterfish,0.01516545
SpinyDogfish,Cod,0
SpinyDogfish,Fourspot,0.006179118
SpinyDogfish,GelZooplankton,0.061122875
SpinyDogfish,Goosefish,0.005099586
SpinyDogfish,HMS,0
SpinyDogfish,Illex,0.005151694
SpinyDogfish,LgCopepods,0
SpinyDogfish,LittleSkate,0.000771185
SpinyDogfish,Loligo,0.076312563
SpinyDogfish,Macrobenthos,0.157826632
SpinyDogfish,Megabenthos,0.041416791
SpinyDogfish,Mesopelagics,0.000142314
SpinyDogfish,Micronekton,0.006352336
SpinyDogfish,Microzooplankton,0
SpinyDogfish,OceanPout,0.007776612
SpinyDogfish,Odontocetes,0.000710302
SpinyDogfish,OtherCephalopods,0.032564129
SpinyDogfish,OtherDemersals,0.07715129
SpinyDogfish,OtherPelagics,0.139643339
SpinyDogfish,OtherShrimps,0.003417748
SpinyDogfish,OtherSkates,0.004461076
SpinyDogfish,Phytoplankton,0.000000761
SpinyDogfish,RedHake,0.00541716
SpinyDogfish,Scup,0
SpinyDogfish,SeaBirds,0
SpinyDogfish,Sharks,0.000421615
SpinyDogfish,SilverHake,0.017593617
SpinyDogfish,SmCopepods,0
SpinyDogfish,SmFlatfishes,0.025573525
SpinyDogfish,SmoothDogfish,0
SpinyDogfish,SmPelagics,0.208043851
SpinyDogfish,SouthernDemersals,0.011929265
SpinyDogfish,SpinyDogfish,0.00162101
SpinyDogfish,SummerFlounder,0.005154473
SpinyDogfish,Weakfish,0
SpinyDogfish,Windowpane,0.000884706
SpinyDogfish,WinterFlounder,0.002161347
SpinyDogfish,WinterSkate,0
SpinyDogfish,YTFlounder,0.003087716
SpinyDogfish,Detritus,0
SpinyDogfish,Discards,0
SummerFlounder,AmLobster,0
SummerFlounder,AmShad,0
SummerFlounder,AtlCroaker,0
SummerFlounder,AtlMackerel,0.043458004
SummerFlounder,AtlScallop,0
SummerFlounder,Bacteria,0
SummerFlounder,BaleenWhales,0
SummerFlounder,BlackSeaBass,0.004509139
SummerFlounder,Bluefish,0
SummerFlounder,Butterfish,0.041669817
SummerFlounder,Cod,0
SummerFlounder,Fourspot,0.000481559
SummerFlounder,GelZooplankton,0.000282125
SummerFlounder,Goosefish,0
SummerFlounder,HMS,0
SummerFlounder,Illex,0.008363243
SummerFlounder,LgCopepods,0
SummerFlounder,LittleSkate,0
SummerFlounder,Loligo,0.293859506
SummerFlounder,Macrobenthos,0.007072287
SummerFlounder,Megabenthos,0.037800273
SummerFlounder,Mesopelagics,0.0000486
SummerFlounder,Micronekton,0.013580256
SummerFlounder,Microzooplankton,0
SummerFlounder,OceanPout,0.003787641
SummerFlounder,Odontocetes,0
SummerFlounder,OtherCephalopods,0.104165753
SummerFlounder,OtherDemersals,0.163394717
SummerFlounder,OtherPelagics,0.022557855
SummerFlounder,OtherShrimps,0.006876396
SummerFlounder,OtherSkates,0
SummerFlounder,Phytoplankton,0
SummerFlounder,RedHake,0.017167075
SummerFlounder,Scup,0
SummerFlounder,SeaBirds,0
SummerFlounder,Sharks,0
SummerFlounder,SilverHake,0.022407131
SummerFlounder,SmCopepods,0
SummerFlounder,SmFlatfishes,0.006883103
SummerFlounder,SmoothDogfish,0
SummerFlounder,SmPelagics,0.187610153
SummerFlounder,SouthernDemersals,0.011828464
SummerFlounder,SpinyDogfish,0.001957852
SummerFlounder,SummerFlounder,0.000131334
SummerFlounder,Weakfish,0
SummerFlounder,Windowpane,0.000107676
SummerFlounder,WinterFlounder,0
SummerFlounder,WinterSkate,0
SummerFlounder,YTFlounder,0
SummerFlounder,Detritus,0
SummerFlounder,Discards,0
Weakfish,AmLobster,0
Weakfish,AmShad,0
Weakfish,AtlCroaker,0
Weakfish,AtlMackerel,0
Weakfish,AtlScallop,0
Weakfish,Bacteria,0
Weakfish,BaleenWhales,0
Weakfish,BlackSeaBass,0.002758321
Weakfish,Bluefish,0
Weakfish,Butterfish,0.027783929
Weakfish,Cod,0
Weakfish,Fourspot,0
Weakfish,GelZooplankton,0.001005976
Weakfish,Goosefish,0
Weakfish,HMS,0
Weakfish,Illex,0
Weakfish,LgCopepods,0
Weakfish,LittleSkate,0
Weakfish,Loligo,0.04342271
Weakfish,Macrobenthos,0.04953063
Weakfish,Megabenthos,0.013960034
Weakfish,Mesopelagics,0.0000304
Weakfish,Micronekton,0.044118593
Weakfish,Microzooplankton,0
Weakfish,OceanPout,0
Weakfish,Odontocetes,0
Weakfish,OtherCephalopods,0.025181725
Weakfish,OtherDemersals,0.088833138
Weakfish,OtherPelagics,0.004358
Weakfish,OtherShrimps,0.026185065
Weakfish,OtherSkates,0
Weakfish,Phytoplankton,0
Weakfish,RedHake,0.000243381
Weakfish,Scup,0
Weakfish,SeaBirds,0
Weakfish,Sharks,0
Weakfish,SilverHake,0.005857376
Weakfish,SmCopepods,0
Weakfish,SmFlatfishes,0.003362349
Weakfish,SmoothDogfish,0
Weakfish,SmPelagics,0.602537704
Weakfish,SouthernDemersals,0.060818108
Weakfish,SpinyDogfish,0
Weakfish,SummerFlounder,0
Weakfish,Weakfish,0
Weakfish,Windowpane,0.0000125
Weakfish,WinterFlounder,0
Weakfish,WinterSkate,0
Weakfish,YTFlounder,0
Weakfish,Detritus,0
Weakfish,Discards,0
Windowpane,AmLobster,0
Windowpane,AmShad,0
Windowpane,AtlCroaker,0
Windowpane,AtlMackerel,0
Windowpane,AtlScallop,0
Windowpane,Bacteria,0
Windowpane,BaleenWhales,0
Windowpane,BlackSeaBass,0.001932229
Windowpane,Bluefish,0
Windowpane,Butterfish,0
Windowpane,Cod,0
Windowpane,Fourspot,0
Windowpane,GelZooplankton,0.004696704
Windowpane,Goosefish,0
Windowpane,HMS,0
Windowpane,Illex,0
Windowpane,LgCopepods,0
Windowpane,LittleSkate,0
Windowpane,Loligo,0.002389013
Windowpane,Macrobenthos,0.140135626
Windowpane,Megabenthos,0.016848531
Windowpane,Mesopelagics,0
Windowpane,Micronekton,0.313633071
Windowpane,Microzooplankton,0
Windowpane,OceanPout,0
Windowpane,Odontocetes,0
Windowpane,OtherCephalopods,0.003759673
Windowpane,OtherDemersals,0.101902935
Windowpane,OtherPelagics,0.000413754
Windowpane,OtherShrimps,0.299723774
Windowpane,OtherSkates,0
Windowpane,Phytoplankton,0
Windowpane,RedHake,0.004677483
Windowpane,Scup,0
Windowpane,SeaBirds,0
Windowpane,Sharks,0
Windowpane,SilverHake,0.017868133
Windowpane,SmCopepods,0
Windowpane,SmFlatfishes,0.024822683
Windowpane,SmoothDogfish,0
Windowpane,SmPelagics,0.06622407
Windowpane,SouthernDemersals,0
Windowpane,SpinyDogfish,0
Windowpane,SummerFlounder,0
Windowpane,Weakfish,0
Windowpane,Windowpane,0.000972321
Windowpane,WinterFlounder,0
Windowpane,WinterSkate,0
Windowpane,YTFlounder,0
Windowpane,Detritus,0
Windowpane,Discards,0
WinterFlounder,AmLobster,0
WinterFlounder,AmShad,0
WinterFlounder,AtlCroaker,0
WinterFlounder,AtlMackerel,0
WinterFlounder,AtlScallop,0
WinterFlounder,Bacteria,0
WinterFlounder,BaleenWhales,0
WinterFlounder,BlackSeaBass,0
WinterFlounder,Bluefish,0
WinterFlounder,Butterfish,0
WinterFlounder,Cod,0
WinterFlounder,Fourspot,0
WinterFlounder,GelZooplankton,0.018436151
WinterFlounder,Goosefish,0
WinterFlounder,HMS,0
WinterFlounder,Illex,0
WinterFlounder,LgCopepods,0
WinterFlounder,LittleSkate,0
WinterFlounder,Loligo,0
WinterFlounder,Macrobenthos,0.962332208
WinterFlounder,Megabenthos,0.006462857
WinterFlounder,Mesopelagics,0
WinterFlounder,Micronekton,0.006029804
WinterFlounder,Microzooplankton,0
WinterFlounder,OceanPout,0
WinterFlounder,Odontocetes,0
WinterFlounder,OtherCephalopods,0.00028293
WinterFlounder,OtherDemersals,0
WinterFlounder,OtherPelagics,0
WinterFlounder,OtherShrimps,0.004968148
WinterFlounder,OtherSkates,0
WinterFlounder,Phytoplankton,0
WinterFlounder,RedHake,0
WinterFlounder,Scup,0
WinterFlounder,SeaBirds,0
WinterFlounder,Sharks,0
WinterFlounder,SilverHake,0
WinterFlounder,SmCopepods,0
WinterFlounder,SmFlatfishes,0
WinterFlounder,SmoothDogfish,0
WinterFlounder,SmPelagics,0.001487903
WinterFlounder,SouthernDemersals,0
WinterFlounder,SpinyDogfish,0
WinterFlounder,SummerFlounder,0
WinterFlounder,Weakfish,0
WinterFlounder,Windowpane,0
WinterFlounder,WinterFlounder,0
WinterFlounder,WinterSkate,0
WinterFlounder,YTFlounder,0
WinterFlounder,Detritus,0
WinterFlounder,Discards,0
WinterSkate,AmLobster,0.000193137
WinterSkate,AmShad,0
WinterSkate,AtlCroaker,0
WinterSkate,AtlMackerel,0.012542865
WinterSkate,AtlScallop,0
WinterSkate,Bacteria,0
WinterSkate,BaleenWhales,0
WinterSkate,BlackSeaBass,0.000331029
WinterSkate,Bluefish,0
WinterSkate,Butterfish,0.002095003
WinterSkate,Cod,0
WinterSkate,Fourspot,0
WinterSkate,GelZooplankton,0.00051388
WinterSkate,Goosefish,0.00091243
WinterSkate,HMS,0
WinterSkate,Illex,0
WinterSkate,LgCopepods,0
WinterSkate,LittleSkate,0.000287598
WinterSkate,Loligo,0.007217439
WinterSkate,Macrobenthos,0.477493916
WinterSkate,Megabenthos,0.110473722
WinterSkate,Mesopelagics,0
WinterSkate,Micronekton,0.024446633
WinterSkate,Microzooplankton,0
WinterSkate,OceanPout,0.001888121
WinterSkate,Odontocetes,0
WinterSkate,OtherCephalopods,0.008557859
WinterSkate,OtherDemersals,0.09114531
WinterSkate,OtherPelagics,0.003065763
WinterSkate,OtherShrimps,0.051518269
WinterSkate,OtherSkates,0.000712912
WinterSkate,Phytoplankton,0
WinterSkate,RedHake,0.003149707
WinterSkate,Scup,0
WinterSkate,SeaBirds,0
WinterSkate,Sharks,0
WinterSkate,SilverHake,0.003808846
WinterSkate,SmCopepods,0
WinterSkate,SmFlatfishes,0.023655707
WinterSkate,SmoothDogfish,0
WinterSkate,SmPelagics,0.163738967
WinterSkate,SouthernDemersals,0.001605876
WinterSkate,SpinyDogfish,0
WinterSkate,SummerFlounder,0.007627911
WinterSkate,Weakfish,0
WinterSkate,Windowpane,0
WinterSkate,WinterFlounder,0.0030171
WinterSkate,WinterSkate,0
WinterSkate,YTFlounder,0
WinterSkate,Detritus,0
WinterSkate,Discards,0
YTFlounder,AmLobster,0
YTFlounder,AmShad,0
YTFlounder,AtlCroaker,0
YTFlounder,AtlMackerel,0
YTFlounder,AtlScallop,0
YTFlounder,Bacteria,0
YTFlounder,BaleenWhales,0
YTFlounder,BlackSeaBass,0
YTFlounder,Bluefish,0
YTFlounder,Butterfish,0
YTFlounder,Cod,0
YTFlounder,Fourspot,0
YTFlounder,GelZooplankton,0.000521222
YTFlounder,Goosefish,0
YTFlounder,HMS,0
YTFlounder,Illex,0
YTFlounder,LgCopepods,0
YTFlounder,LittleSkate,0
YTFlounder,Loligo,0
YTFlounder,Macrobenthos,0.9328109
YTFlounder,Megabenthos,0.016082688
YTFlounder,Mesopelagics,0
YTFlounder,Micronekton,0.03022959
YTFlounder,Microzooplankton,0
YTFlounder,OceanPout,0
YTFlounder,Odontocetes,0
YTFlounder,OtherCephalopods,0.0000326
YTFlounder,OtherDemersals,0.002321672
YTFlounder,OtherPelagics,0
YTFlounder,OtherShrimps,0.017739762
YTFlounder,OtherSkates,0
YTFlounder,Phytoplankton,0
YTFlounder,RedHake,0
YTFlounder,Scup,0
YTFlounder,SeaBirds,0
YTFlounder,Sharks,0
YTFlounder,SilverHake,0
YTFlounder,SmCopepods,0
YTFlounder,SmFlatfishes,0
YTFlounder,SmoothDogfish,0
YTFlounder,SmPelagics,0.000261518
YTFlounder,SouthernDemersals,0
YTFlounder,SpinyDogfish,0
YTFlounder,SummerFlounder,0
YTFlounder,Weakfish,0
YTFlounder,Windowpane,0
YTFlounder,WinterFlounder,0
YTFlounder,WinterSkate,0
YTFlounder,YTFlounder,0
YTFlounder,Detritus,0
YTFlounder,Discards,0
